serviceAreas,Unnamed: 0_x,zip,city,county,lat,long,Unnamed: 0_y,Geography,Geographic Area Name,SEX AND AGE!!Total population,SEX AND AGE!!Total population!!Male,SEX AND AGE!!Total population!!Female,SEX AND AGE!!Total population!!Sex ratio (males per 100 females),SEX AND AGE!!Total population!!Under 5 years,SEX AND AGE!!Total population!!5 to 9 years,SEX AND AGE!!Total population!!10 to 14 years,SEX AND AGE!!Total population!!15 to 19 years,SEX AND AGE!!Total population!!20 to 24 years,SEX AND AGE!!Total population!!25 to 34 years,SEX AND AGE!!Total population!!35 to 44 years,SEX AND AGE!!Total population!!45 to 54 years,SEX AND AGE!!Total population!!55 to 59 years,SEX AND AGE!!Total population!!60 to 64 years,SEX AND AGE!!Total population!!65 to 74 years,SEX AND AGE!!Total population!!75 to 84 years,SEX AND AGE!!Total population!!85 years and over,SEX AND AGE!!Total population!!Median age (years),SEX AND AGE!!Total population!!Under 18 years,SEX AND AGE!!Total population!!16 years and over,SEX AND AGE!!Total population!!18 years and over,SEX AND AGE!!Total population!!21 years and over,SEX AND AGE!!Total population!!62 years and over,SEX AND AGE!!Total population!!65 years and over,SEX AND AGE!!Total population!!18 years and over.1,SEX AND AGE!!Total population!!18 years and over!!Male,SEX AND AGE!!Total population!!18 years and over!!Female,SEX AND AGE!!Total population!!18 years and over!!Sex ratio (males per 100 females),SEX AND AGE!!Total population!!65 years and over.1,SEX AND AGE!!Total population!!65 years and over!!Male,SEX AND AGE!!Total population!!65 years and over!!Female,SEX AND AGE!!Total population!!65 years and over!!Sex ratio (males per 100 females),RACE!!Total population,RACE!!Total population!!One race,RACE!!Total population!!Two or more races,RACE!!Total population!!One race.1,RACE!!Total population!!One race!!White,RACE!!Total population!!One race!!Black or African American,RACE!!Total population!!One race!!American Indian and Alaska Native,RACE!!Total population!!One race!!American Indian and Alaska Native!!Cherokee tribal grouping,RACE!!Total population!!One race!!American Indian and Alaska Native!!Chippewa tribal grouping,RACE!!Total population!!One race!!American Indian and Alaska Native!!Navajo tribal grouping,RACE!!Total population!!One race!!American Indian and Alaska Native!!Sioux tribal grouping,RACE!!Total population!!One race!!Asian,RACE!!Total population!!One race!!Asian!!Asian Indian,RACE!!Total population!!One race!!Asian!!Chinese,RACE!!Total population!!One race!!Asian!!Filipino,RACE!!Total population!!One race!!Asian!!Japanese,RACE!!Total population!!One race!!Asian!!Korean,RACE!!Total population!!One race!!Asian!!Vietnamese,RACE!!Total population!!One race!!Asian!!Other Asian,RACE!!Total population!!One race!!Native Hawaiian and Other Pacific Islander,RACE!!Total population!!One race!!Native Hawaiian and Other Pacific Islander!!Native Hawaiian,RACE!!Total population!!One race!!Native Hawaiian and Other Pacific Islander!!Chamorro,RACE!!Total population!!One race!!Native Hawaiian and Other Pacific Islander!!Samoan,RACE!!Total population!!One race!!Native Hawaiian and Other Pacific Islander!!Other Pacific Islander,RACE!!Total population!!One race!!Some other race,RACE!!Total population!!Two or more races.1,RACE!!Total population!!Two or more races!!White and Black or African American,RACE!!Total population!!Two or more races!!White and American Indian and Alaska Native,RACE!!Total population!!Two or more races!!White and Asian,RACE!!Total population!!Two or more races!!Black or African American and American Indian and Alaska Native,Race alone or in combination with one or more other races!!Total population,Race alone or in combination with one or more other races!!Total population!!White,Race alone or in combination with one or more other races!!Total population!!Black or African American,Race alone or in combination with one or more other races!!Total population!!American Indian and Alaska Native,Race alone or in combination with one or more other races!!Total population!!Asian,Race alone or in combination with one or more other races!!Total population!!Native Hawaiian and Other Pacific Islander,Race alone or in combination with one or more other races!!Total population!!Some other race,HISPANIC OR LATINO AND RACE!!Total population,HISPANIC OR LATINO AND RACE!!Total population!!Hispanic or Latino (of any race),HISPANIC OR LATINO AND RACE!!Total population!!Hispanic or Latino (of any race)!!Mexican,HISPANIC OR LATINO AND RACE!!Total population!!Hispanic or Latino (of any race)!!Puerto Rican,HISPANIC OR LATINO AND RACE!!Total population!!Hispanic or Latino (of any race)!!Cuban,HISPANIC OR LATINO AND RACE!!Total population!!Hispanic or Latino (of any race)!!Other Hispanic or Latino,HISPANIC OR LATINO AND RACE!!Total population!!Not Hispanic or Latino,HISPANIC OR LATINO AND RACE!!Total population!!Not Hispanic or Latino!!White alone,HISPANIC OR LATINO AND RACE!!Total population!!Not Hispanic or Latino!!Black or African American alone,HISPANIC OR LATINO AND RACE!!Total population!!Not Hispanic or Latino!!American Indian and Alaska Native alone,HISPANIC OR LATINO AND RACE!!Total population!!Not Hispanic or Latino!!Asian alone,HISPANIC OR LATINO AND RACE!!Total population!!Not Hispanic or Latino!!Native Hawaiian and Other Pacific Islander alone,HISPANIC OR LATINO AND RACE!!Total population!!Not Hispanic or Latino!!Some other race alone,HISPANIC OR LATINO AND RACE!!Total population!!Not Hispanic or Latino!!Two or more races,HISPANIC OR LATINO AND RACE!!Total population!!Not Hispanic or Latino!!Two or more races!!Two races including Some other race,"HISPANIC OR LATINO AND RACE!!Total population!!Not Hispanic or Latino!!Two or more races!!Two races excluding Some other race, and Three or more races",Total housing units,"CITIZEN, VOTING AGE POPULATION!!Citizen, 18 and over population","CITIZEN, VOTING AGE POPULATION!!Citizen, 18 and over population!!Male","CITIZEN, VOTING AGE POPULATION!!Citizen, 18 and over population!!Female"
Glenn,873,95963,Orland,Glenn,39.7314,-122.2534,1628,8600000US95963,95963,15904,7826,8078,96.9,1282,1005,1428,1050,1066,1944,1950,1666,840,1083,1595,578,417,35.5,4372,11980,11532,10785,3250,2590,11532,5657,5875,96.3,2590,1283,1307,98.2,15904,15447,457,15447,13114,21,268,0,0,27,0,160,7,13,39,10,2,0,89,3,3,0,0,0,1881,457,0,219,6,0,15904,13555,21,490,171,21,2108,15904,7377,6815,32,0,530,8527,8046,5,102,160,3,0,211,27,184,5989,9772,4903,4869
Glenn,1020,95988,Willows,Glenn,39.5353,-122.2597,1647,8600000US95988,95988,8460,4632,3828,121,532,402,769,658,253,973,1017,1172,364,676,748,731,165,41.2,2207,6545,6253,6061,2057,1644,6253,3232,3021,107,1644,755,889,84.9,8460,8136,324,8136,6673,100,204,0,9,45,0,617,0,1,0,31,0,32,553,9,0,0,9,0,533,324,84,150,57,0,8460,6987,186,366,674,9,564,8460,2059,1912,42,25,80,6401,5302,100,108,617,9,0,265,0,265,3604,5523,2726,2797
Glenn,1217,95951,Hamilton City,Glenn,39.7386,-122.0085,1618,8600000US95951,95951,2603,1245,1358,91.7,158,152,291,298,284,431,220,317,129,80,124,91,28,28.3,706,1995,1897,1656,282,243,1897,892,1005,88.8,243,83,160,51.9,2603,2526,77,2526,1828,21,0,0,0,0,0,93,0,0,16,0,0,0,77,0,0,0,0,0,584,77,0,16,0,0,2603,1905,21,16,93,0,645,2603,2221,2153,0,0,68,382,289,0,0,93,0,0,0,0,0,955,1321,592,729
Glenn,1431,95943,Glenn,Glenn,39.6069,-122.0384,1610,8600000US95943,95943,731,415,316,131.3,61,36,63,66,38,98,73,72,71,46,55,38,14,36.1,219,568,512,496,130,107,512,296,216,137,107,57,50,114,731,706,25,706,685,12,0,0,0,0,0,0,0,0,0,0,0,0,0,0,0,0,0,0,9,25,0,13,0,0,731,710,12,13,0,0,21,731,129,118,0,0,11,602,577,12,0,0,0,0,13,0,13,351,497,292,205
Glenn,1464,95939,Elk Creek,Glenn,39.5306,-122.6124,1607,8600000US95939,95939,592,338,254,133.1,29,56,24,17,44,119,57,59,67,38,63,13,6,36.1,111,483,481,459,94,82,481,312,169,184.6,82,46,36,127.8,592,577,15,577,352,42,145,0,0,2,3,0,0,0,0,0,0,0,0,0,0,0,0,0,38,15,0,3,0,0,592,365,45,157,9,0,48,592,101,101,0,0,0,491,301,42,140,0,0,0,8,0,8,319,473,304,169
Glenn,1549,95920,Butte City,Glenn,39.4568,-121.9515,1594,8600000US95920,95920,304,149,155,96.1,19,6,19,11,53,38,24,15,22,38,43,16,0,36.2,51,256,253,237,67,59,253,119,134,88.8,59,36,23,156.5,304,304,0,304,247,0,15,0,0,0,0,9,0,0,0,9,0,0,0,0,0,0,0,0,33,0,0,0,0,0,304,247,0,15,9,0,33,304,121,106,0,0,15,183,164,0,10,9,0,0,0,0,0,151,233,119,114
Butte,352,95926,Chico,Butte,39.7458,-121.8444,1598,8600000US95926,95926,41390,20643,20747,99.5,2019,2153,1529,4737,8650,5837,4030,3537,1672,1788,3323,1296,819,26.8,7246,35223,34144,28782,6571,5438,34144,16950,17194,98.6,5438,2171,3267,66.5,41390,38243,3147,38243,32500,1139,244,0,0,0,0,2358,183,305,207,128,199,24,1312,39,16,10,13,0,1963,3147,621,499,798,8,41390,35509,1847,770,3314,243,2955,41390,6839,5889,222,33,695,34551,28973,1120,89,2341,13,37,1978,106,1872,17373,32633,16296,16337
Butte,406,95928,Chico,Butte,39.7224,-121.8113,1599,8600000US95928,95928,38655,18674,19981,93.5,1650,2020,1968,2945,6187,5870,4337,3869,2088,2436,3217,1259,809,32,6776,32622,31879,29040,6673,5285,31879,15341,16538,92.8,5285,2192,3093,70.9,38655,36791,1864,36791,31873,714,256,0,3,0,16,1496,77,222,289,35,188,52,633,208,205,0,3,0,2244,1864,325,366,539,5,38655,33537,1168,687,2245,476,2551,38655,6931,5904,54,33,940,31724,27862,713,216,1337,169,21,1406,43,1363,16462,30594,14703,15891
Butte,451,95973,Chico,Butte,39.8032,-121.8673,1635,8600000US95973,95973,36223,17759,18464,96.2,2383,2517,2147,1810,2642,5347,5244,3956,2459,2347,3132,1553,686,37,8234,28806,27989,26914,6970,5371,27989,13295,14694,90.5,5371,2391,2980,80.2,36223,34092,2131,34092,29749,406,196,16,0,0,0,1521,146,375,148,133,28,101,590,289,13,0,0,276,1931,2131,191,245,408,26,36223,31775,661,477,2018,387,3084,36223,6864,5715,263,20,866,29359,26076,386,126,1409,165,96,1101,176,925,14715,26778,12552,14226
Butte,614,95966,Oroville,Butte,39.4877,-121.4698,1630,8600000US95966,95966,29444,14433,15011,96.1,1591,1596,1441,1927,1879,3231,2996,3561,1964,2182,4032,2075,969,45.2,5826,24455,23618,22600,8325,7076,23618,11592,12026,96.4,7076,3218,3858,83.4,29444,26656,2788,26656,22729,319,845,148,0,35,2,1603,0,28,193,30,0,61,1291,75,1,37,36,1,1085,2788,262,1431,193,7,29444,25457,621,2396,1882,123,1871,29444,4274,3162,115,112,885,25170,20744,307,604,1575,52,53,1835,194,1641,13257,22974,11250,11724
Butte,790,95965,Oroville,Butte,39.6054,-121.5751,1629,8600000US95965,95965,20681,10542,10139,104,1555,1042,1562,1205,1364,3107,2342,2283,1379,1219,2060,1294,269,37,4863,16226,15818,15067,4324,3623,15818,8145,7673,106.2,3623,1665,1958,85,20681,18706,1975,18706,13460,952,401,5,0,1,14,3132,388,93,122,15,92,6,2416,67,0,16,7,44,694,1975,148,798,185,31,20681,15291,1314,1426,3421,165,1324,20681,3105,2578,69,8,450,17576,11964,942,330,3110,49,62,1119,31,1088,7725,15107,7740,7367
Butte,820,95969,Paradise,Butte,39.7555,-121.6069,1632,8600000US95969,95969,19112,9384,9728,96.5,702,1003,793,676,1077,1632,1288,1921,1752,1663,3438,2506,661,56.5,2961,16425,16151,15667,7493,6605,16151,7787,8364,93.1,6605,3052,3553,85.9,19112,18296,816,18296,17476,84,270,38,0,0,0,165,0,21,78,39,22,0,5,22,21,0,1,0,279,816,58,311,70,25,19112,18014,222,655,482,275,329,19112,1167,918,31,0,218,17945,16785,84,180,165,22,25,684,10,674,9432,15858,7670,8188
Butte,945,95954,Magalia,Butte,39.8912,-121.58,1620,8600000US95954,95954,12221,5601,6620,84.6,795,448,435,700,837,1467,1106,1384,1252,927,1892,769,209,47.5,2106,10361,10115,9491,3564,2870,10115,4727,5388,87.7,2870,1410,1460,96.6,12221,11016,1205,11016,10635,0,189,0,0,0,41,73,0,13,60,0,0,0,0,0,0,0,0,0,119,1205,10,784,226,0,12221,11821,10,1023,299,61,262,12221,1319,1153,0,0,166,10902,9882,0,75,61,0,0,884,0,884,5168,10023,4684,5339
Butte,948,95948,Gridley,Butte,39.3532,-121.7137,1615,8600000US95948,95948,12122,6077,6045,100.5,919,1559,1031,524,1121,1171,1645,1263,645,650,930,508,156,33.4,3863,8500,8259,7878,1967,1594,8259,4056,4203,96.5,1594,840,754,111.4,12122,11697,425,11697,9209,34,54,14,0,30,0,88,17,0,12,1,34,0,24,7,0,0,7,0,2305,425,24,206,39,0,12122,9617,58,277,144,63,2388,12122,4673,4453,3,0,217,7449,7010,8,14,79,7,8,323,0,323,4223,6874,3430,3444
Butte,1135,95938,Durham,Butte,39.633,-121.7886,1606,8600000US95938,95938,4202,2128,2074,102.6,128,283,346,315,182,334,783,498,280,176,493,268,116,41,948,3403,3254,3130,1010,877,3254,1596,1658,96.3,877,391,486,80.5,4202,4040,162,4040,3517,204,0,0,0,0,0,211,100,0,111,0,0,0,0,0,0,0,0,0,108,162,58,62,42,0,4202,3679,262,62,253,0,108,4202,450,437,0,0,13,3752,3209,204,0,177,0,0,162,0,162,1445,3222,1596,1626
Butte,1145,95917,Biggs,Butte,39.4162,-121.7189,1591,8600000US95917,95917,3881,2173,1708,127.2,168,311,366,357,369,467,336,530,183,267,315,159,53,32.7,978,3009,2903,2546,684,527,2903,1675,1228,136.4,527,241,286,84.3,3881,3346,535,3346,2877,0,92,0,0,0,0,55,0,0,0,0,0,0,55,0,0,0,0,0,322,535,4,215,32,0,3881,3412,43,328,153,84,561,3881,1343,1260,30,0,53,2538,2200,0,27,55,0,25,231,0,231,1193,2679,1565,1114
Butte,1292,95942,Forest Ranch,Butte,39.8821,-121.6728,1609,8600000US95942,95942,1605,932,673,138.5,0,25,94,183,0,99,280,343,57,246,278,0,0,51.9,302,1486,1303,1303,379,278,1303,655,648,101.1,278,201,77,261,1605,1461,144,1461,1419,0,0,0,0,0,0,0,0,0,0,0,0,0,0,0,0,0,0,0,42,144,0,90,0,0,1605,1563,0,90,0,0,96,1605,188,188,0,0,0,1417,1327,0,0,0,0,0,90,0,90,995,1246,655,591
Butte,1344,95916,Berry Creek,Butte,39.6776,-121.3689,1590,8600000US95916,95916,1206,629,577,109,39,28,49,77,39,81,85,229,88,150,258,69,14,54,158,1076,1048,1013,428,341,1048,571,477,119.7,341,167,174,96,1206,1191,15,1191,1090,0,30,0,0,0,0,41,0,0,27,0,0,0,14,10,10,0,0,0,20,15,0,9,0,0,1206,1102,0,39,44,13,23,1206,63,54,0,0,9,1143,1059,0,21,41,10,0,12,3,9,895,1015,550,465
Butte,1352,95968,Palermo,Butte,39.4361,-121.5454,1631,8600000US95968,95968,1172,639,533,119.9,20,44,124,87,74,71,131,141,63,164,160,93,0,46.5,209,984,963,897,323,253,963,486,477,101.9,253,110,143,76.9,1172,1015,157,1015,878,14,29,0,0,0,0,0,0,0,0,0,0,0,0,0,0,0,0,0,94,157,10,95,0,0,1172,1021,24,176,0,0,146,1172,413,350,11,0,52,759,619,14,21,0,0,0,105,0,105,467,841,435,406
Butte,1409,95941,Forbestown,Butte,39.521,-121.2423,1608,8600000US95941,95941,848,476,372,128,168,106,0,0,0,131,57,47,18,66,157,85,13,35.3,274,574,574,574,321,255,574,269,305,88.2,255,96,159,60.4,848,637,211,637,637,0,0,0,0,0,0,0,0,0,0,0,0,0,0,0,0,0,0,0,0,211,0,211,0,0,848,848,0,211,0,0,0,848,34,0,0,0,34,814,603,0,0,0,0,0,211,0,211,312,574,269,305
Butte,1451,95914,Bangor,Butte,39.3885,-121.4052,1588,8600000US95914,95914,660,321,339,94.7,27,0,120,34,13,22,31,116,43,36,123,57,38,51.3,175,513,485,479,242,218,485,209,276,75.7,218,125,93,134.4,660,645,15,645,613,24,0,0,0,0,0,0,0,0,0,0,0,0,0,0,0,0,0,0,8,15,15,0,0,0,660,628,39,0,0,0,8,660,52,36,0,0,16,608,561,24,0,0,0,8,15,0,15,341,485,209,276
Colusa,1041,95932,Colusa,Colusa,39.2345,-122.0277,1601,8600000US95932,95932,7573,3872,3701,104.6,412,596,539,548,395,811,1074,825,537,425,769,462,180,39.5,1956,5914,5617,5404,1703,1411,5617,2870,2747,104.5,1411,679,732,92.8,7573,6976,597,6976,6201,220,95,0,0,0,0,101,18,10,14,0,0,0,59,9,0,0,0,9,350,597,44,114,37,6,7573,6725,318,215,166,18,737,7573,3619,3494,34,0,91,3954,3413,204,84,69,9,0,175,0,175,3141,4868,2469,2399
Colusa,1075,95987,Williams,Colusa,39.1337,-122.2162,1646,8600000US95987,95987,6040,2978,3062,97.3,597,525,536,518,368,957,768,636,204,261,366,109,195,30.7,2019,4263,4021,3792,804,670,4021,2010,2011,100,670,393,277,141.9,6040,5450,590,5450,4855,9,120,27,0,0,0,81,8,19,35,0,9,10,0,23,0,0,0,23,362,590,21,7,0,0,6040,5445,41,144,81,51,885,6040,4644,4461,0,0,183,1396,1166,9,53,81,23,53,11,0,11,1904,3026,1370,1656
Colusa,1100,95912,Arbuckle,Colusa,39.0138,-122.0274,1587,8600000US95912,95912,5112,2611,2501,104.4,404,300,380,420,399,746,645,456,328,456,345,106,127,34.5,1276,3978,3836,3567,935,578,3836,1969,1867,105.5,578,265,313,84.7,5112,4458,654,4458,3777,51,20,0,0,0,0,9,0,0,9,0,0,0,0,0,0,0,0,0,601,654,13,40,108,0,5112,4431,64,60,195,78,1016,5112,3353,3141,0,0,212,1759,1544,0,11,0,0,0,204,0,204,1690,2967,1491,1476
Colusa,1305,95955,Maxwell,Colusa,39.3163,-122.1849,1621,8600000US95955,95955,1513,872,641,136,77,167,141,109,54,177,202,235,84,60,105,32,70,35.8,402,1111,1111,1002,237,207,1111,621,490,126.7,207,66,141,46.8,1513,1143,370,1143,1101,0,1,1,0,0,0,5,0,0,5,0,0,0,0,0,0,0,0,0,36,370,0,25,0,0,1513,1471,0,26,5,0,381,1513,943,943,0,0,0,570,539,0,1,5,0,0,25,0,25,711,817,485,332
Colusa,1477,95970,Princeton,Colusa,39.4168,-122.0519,1633,8600000US95970,95970,533,254,279,91,0,16,61,21,38,17,16,137,67,42,74,22,22,49.7,90,456,443,435,158,118,443,187,256,73,118,57,61,93.4,533,520,13,520,485,22,5,0,0,0,0,0,0,0,0,0,0,0,0,0,0,0,0,0,8,13,0,13,0,0,533,498,22,18,0,0,8,533,119,101,0,0,18,414,374,22,5,0,0,0,13,0,13,266,414,176,238
Colusa,1488,95950,Grimes,Colusa,39.0744,-121.8927,1617,8600000US95950,95950,494,225,269,83.6,60,43,30,12,0,99,0,55,108,0,53,34,0,47.1,145,361,349,349,87,87,349,145,204,71.1,87,20,67,29.9,494,428,66,428,415,0,0,0,0,0,0,0,0,0,0,0,0,0,0,0,0,0,0,0,13,66,0,66,0,0,494,481,0,66,0,0,13,494,147,147,0,0,0,347,281,0,0,0,0,0,66,0,66,206,301,124,177
Colusa,1516,95979,Stonyford,Colusa,39.3176,-122.5393,1640,8600000US95979,95979,397,250,147,170.1,6,8,4,7,24,71,2,70,33,48,61,48,15,56.4,19,379,378,372,142,124,378,245,133,184.2,124,73,51,143.1,397,371,26,371,310,50,3,3,0,0,0,5,0,1,3,0,0,0,1,0,0,0,0,0,3,26,0,3,0,21,397,315,71,29,7,0,3,397,72,72,0,0,0,325,244,50,0,5,0,0,26,0,26,320,357,243,114
Yolo,190,95616,Davis,Yolo,38.5538,-121.7418,1460,8600000US95616,95616,53805,24436,29369,83.2,1246,1371,1632,9612,16764,7027,3250,3521,1414,1724,3544,1843,857,22.9,5622,49080,48183,34279,7257,6244,48183,21769,26414,82.4,6244,2773,3471,79.9,53805,49353,4452,49353,31628,1441,133,33,0,0,0,14007,1661,6509,1235,872,1451,949,1330,318,88,29,45,156,1826,4452,642,493,2194,10,53805,35603,2263,660,16816,622,2536,53805,7142,5446,105,143,1448,46663,27196,1352,85,13804,318,260,3648,184,3464,19164,40781,18466,22315
Yolo,368,95695,Woodland,Yolo,38.6816,-121.8052,1528,8600000US95695,95695,40340,19849,20491,96.9,2437,3184,2590,2483,2580,5648,5665,4927,2267,2336,3744,1520,959,37.1,9510,31577,30830,29245,7621,6223,30830,15038,15792,95.2,6223,2757,3466,79.5,40340,35185,5155,35185,30325,452,550,24,0,0,0,1341,245,336,272,96,80,112,200,21,21,0,0,0,2496,5155,301,758,258,14,40340,35365,974,1834,1693,144,6048,40340,19340,17848,124,0,1368,21000,17799,431,226,1341,21,27,1155,241,914,14865,26835,12960,13875
Yolo,391,95691,West Sacramento,Yolo,38.5673,-121.5516,1524,8600000US95691,95691,39198,18978,20220,93.9,2757,2882,3215,2655,2378,5710,6427,4667,2205,1982,2735,1145,440,35,10394,29915,28804,27405,5522,4320,28804,13331,15473,86.2,4320,1675,2645,63.3,39198,34843,4355,34843,24978,1911,230,0,0,0,30,5379,729,1129,1258,109,242,445,1467,332,61,29,0,242,2013,4355,413,538,857,48,39198,28801,2494,928,7479,1079,3696,39198,10897,8568,329,141,1859,28301,18481,1678,95,5364,286,112,2285,146,2139,14029,25877,11810,14067
Yolo,657,95618,El Macero,Yolo,38.5449,-121.7405,1461,8600000US95618,95618,27238,13315,13923,95.6,1416,1421,1725,2432,4387,3102,3039,3197,1844,1450,1647,1117,461,31.9,5597,22302,21641,19085,4053,3225,21641,10406,11235,92.6,3225,1506,1719,87.6,27238,25254,1984,25254,17614,617,132,73,0,0,0,6202,758,3291,494,314,343,227,775,35,0,6,21,8,654,1984,239,78,1058,106,27238,19443,970,343,7326,201,974,27238,4454,2597,136,36,1685,22784,14393,495,124,6202,35,138,1397,20,1377,10252,18404,8955,9449
Yolo,725,95776,Woodland,Yolo,38.6808,-121.7411,1554,8600000US95776,95776,24311,12609,11702,107.8,1654,1384,1725,2147,2093,3365,3382,3272,1581,1160,1575,622,351,34.3,6140,19002,18171,17164,3126,2548,18171,9493,8678,109.4,2548,1365,1183,115.4,24311,22482,1829,22482,15601,582,204,34,0,0,0,3458,1082,820,300,47,16,17,1176,117,0,0,0,117,2520,1829,178,181,531,11,24311,17304,810,416,4085,191,3354,24311,11695,10689,133,0,873,12616,7676,519,81,3411,73,31,825,56,769,7913,15794,8235,7559
Yolo,900,95605,West Sacramento,Yolo,38.5927,-121.5325,1452,8600000US95605,95605,14468,7185,7283,98.7,1026,923,1260,1153,1152,2341,1789,1085,834,1293,950,538,124,31.8,3792,10975,10676,9898,2304,1612,10676,5392,5284,102,1612,625,987,63.3,14468,12504,1964,12504,9049,532,166,0,0,0,0,875,52,104,73,34,0,66,546,195,0,12,0,183,1687,1964,79,472,482,0,14468,10880,702,638,1490,323,2517,14468,6557,6040,143,0,374,7911,5422,532,152,800,195,47,763,18,745,5376,8318,4218,4100
Yolo,977,95694,Winters,Yolo,38.5322,-121.9676,1527,8600000US95694,95694,10549,5399,5150,104.8,586,615,619,687,839,1245,1461,1737,792,767,739,391,71,38.5,2381,8438,8168,7765,1675,1201,8168,4249,3919,108.4,1201,628,573,109.6,10549,9698,851,9698,8713,65,26,0,0,0,3,130,0,0,0,0,115,0,15,0,0,0,0,0,764,851,0,34,23,34,10549,9530,99,94,153,0,1524,10549,4630,3998,0,0,632,5919,5586,65,26,130,0,11,101,11,90,3684,6915,3449,3466
Yolo,1120,95627,Esparto,Yolo,38.7061,-122.0152,1469,8600000US95627,95627,4516,2091,2425,86.2,711,472,235,289,292,736,487,368,252,72,385,149,68,29,1575,3032,2941,2779,644,602,2941,1372,1569,87.4,602,199,403,49.4,4516,4287,229,4287,3993,0,0,0,0,0,0,78,0,14,34,0,0,0,30,0,0,0,0,0,216,229,7,0,24,0,4516,4193,16,0,185,74,331,4516,2183,1811,22,0,350,2333,2148,0,0,78,0,0,107,0,107,1497,2496,1170,1326
Yolo,1282,95645,Knights Landing,Yolo,38.8517,-121.7334,1485,8600000US95645,95645,1704,900,804,111.9,134,122,165,64,33,242,266,216,70,108,151,62,71,39.2,475,1256,1229,1211,348,284,1229,627,602,104.2,284,129,155,83.2,1704,1666,38,1666,1616,0,23,0,0,0,0,0,0,0,0,0,0,0,0,0,0,0,0,0,27,38,0,0,0,0,1704,1654,19,42,0,0,46,1704,1304,1256,0,0,48,400,395,0,5,0,0,0,0,0,0,634,950,461,489
Yolo,1299,95937,Dunnigan,Yolo,38.887,-121.9992,1605,8600000US95937,95937,1542,734,808,90.8,111,74,127,59,81,249,82,131,46,120,239,128,95,43.9,352,1222,1190,1140,541,462,1190,519,671,77.3,462,159,303,52.5,1542,1317,225,1317,1190,92,0,0,0,0,0,35,0,0,0,0,0,0,35,0,0,0,0,0,0,225,0,111,0,0,1542,1415,92,111,35,0,114,1542,656,656,0,0,0,886,782,63,0,35,0,0,6,0,6,651,1020,453,567
Yolo,1309,95612,Clarksburg,Yolo,38.3945,-121.5641,1457,8600000US95612,95612,1465,701,764,91.8,113,171,51,66,41,158,169,104,93,190,173,67,69,42,401,1064,1064,1064,379,309,1064,559,505,110.7,309,103,206,50,1465,1297,168,1297,1262,0,0,0,0,0,0,35,7,0,0,28,0,0,0,0,0,0,0,0,0,168,0,147,21,0,1465,1430,0,147,56,0,0,1465,482,473,0,0,9,983,846,0,0,28,0,0,109,0,109,549,987,532,455
Yolo,1486,95653,Madison,Yolo,38.6802,-121.9721,1491,8600000US95653,95653,502,223,279,79.9,0,26,52,50,1,35,76,28,24,20,151,0,39,53.4,79,424,423,374,190,190,423,169,254,66.5,190,82,108,75.9,502,502,0,502,230,1,0,0,0,0,0,1,0,1,0,0,0,0,0,0,0,0,0,0,270,0,0,0,0,0,502,230,1,0,1,0,270,502,497,375,0,0,122,5,3,1,0,1,0,0,0,0,0,182,338,133,205
Yolo,1552,95606,Brooks,Yolo,38.8065,-122.2039,1453,8600000US95606,95606,303,149,154,96.8,0,19,0,0,1,25,43,52,0,69,73,21,0,60.2,19,284,284,284,115,94,284,149,135,110.4,94,72,22,327.3,303,220,83,220,175,0,2,0,0,0,0,43,0,0,0,0,43,0,0,0,0,0,0,0,0,83,0,82,1,0,303,258,0,84,44,0,0,303,23,23,0,0,0,280,152,0,2,43,0,0,83,0,83,129,261,126,135
Yolo,1553,95607,Capay,Yolo,38.7209,-122.0912,1454,8600000US95607,95607,303,153,150,102,0,0,0,13,15,0,0,44,40,10,122,59,0,68.1,13,303,290,290,181,181,290,140,150,93.3,181,89,92,96.7,303,288,15,288,288,0,0,0,0,0,0,0,0,0,0,0,0,0,0,0,0,0,0,0,0,15,0,15,0,0,303,303,0,15,0,0,0,303,8,8,0,0,0,295,280,0,0,0,0,0,15,0,15,201,290,140,150
Solano,35,94533,Fairfield,Solano,38.2671,-122.0357,1034,8600000US94533,94533,78695,38214,40481,94.4,5956,4902,5847,5136,5609,13344,9580,9839,4488,4078,5657,2783,1476,33.9,20112,60871,58583,55745,12279,9916,58583,28561,30022,95.1,9916,4421,5495,80.5,78695,69989,8706,69989,34364,14428,388,0,36,75,20,11010,1488,493,6545,248,212,511,1513,1164,25,720,200,219,8635,8706,1470,972,1840,33,78695,41778,17184,1733,14113,1990,11457,78695,27985,24126,813,55,2991,50710,19598,14150,321,10661,1112,160,4708,81,4627,25298,49405,23999,25406
Solano,66,95687,Vacaville,Solano,38.3482,-121.9538,1520,8600000US95687,95687,69073,36987,32086,115.3,3819,4446,3785,3654,4184,11643,8976,9367,4394,4429,6073,3067,1236,38,14345,56174,54728,52480,12834,10376,54728,29696,25032,118.6,10376,4614,5762,80.1,69073,62718,6355,62718,42263,8210,657,49,9,143,0,6160,704,1058,2472,669,181,495,581,812,86,150,390,186,4616,6355,1269,562,1943,82,69073,47738,10703,1844,9214,1425,5746,69073,16439,12404,934,89,3012,52634,33114,8033,329,5883,766,243,4266,144,4122,23266,51659,27962,23697
Solano,161,94591,Vallejo,Solano,38.0985,-122.2124,1083,8600000US94591,94591,56333,27354,28979,94.4,2701,2870,2809,3889,3830,7831,7630,7213,4045,4296,5774,2557,888,40.7,10818,47317,45515,43598,11573,9219,45515,21846,23669,92.3,9219,4048,5171,78.3,56333,50292,6041,50292,18191,8634,93,6,0,0,0,17707,802,1618,13576,192,309,418,792,251,35,120,36,60,5416,6041,352,134,2572,618,56333,22736,10828,1379,21553,772,6314,56333,11702,7105,1357,111,3129,44631,14181,8223,85,17050,218,610,4264,146,4118,19496,41602,20016,21586
Solano,418,95688,Vacaville,Solano,38.3847,-121.9887,1521,8600000US95688,95688,38114,18809,19305,97.4,2370,2729,2347,2081,2434,4813,4659,5089,3085,2200,3939,1635,733,39.9,8856,30246,29258,28037,7531,6307,29258,14414,14844,97.1,6307,3086,3221,95.8,38114,35243,2871,35243,27711,1729,153,67,0,0,0,3519,346,688,1564,445,167,65,244,103,17,26,49,11,2028,2871,460,291,819,0,38114,30388,2362,633,4837,623,2597,38114,9132,7150,289,180,1513,28982,21444,1594,116,3379,77,241,2131,39,2092,14412,27431,13496,13935
Solano,427,94590,Vallejo,Solano,38.1053,-122.2474,1082,8600000US94590,94590,37378,17940,19438,92.3,2345,2046,2440,2117,2727,5429,5158,4243,2604,3080,3348,1096,745,37.9,8049,30127,29329,27954,7089,5189,29329,13930,15399,90.5,5189,2166,3023,71.7,37378,34224,3154,34224,13862,8631,262,0,5,0,7,4254,17,207,3511,61,158,73,227,430,6,19,44,361,6785,3154,509,166,426,94,37378,16300,9886,696,5254,693,8152,37378,12715,9116,391,23,3185,24663,9708,8315,19,4058,430,613,1520,60,1460,15806,24908,11919,12989
Solano,595,94589,Vallejo,Solano,38.1582,-122.2804,1081,8600000US94589,94589,30206,14695,15511,94.7,1997,1973,2178,1642,2003,4234,3450,3723,1905,2124,2867,1458,652,37.7,7180,23665,23026,22162,6361,4977,23026,10958,12068,90.8,4977,1928,3049,63.2,30206,28186,2020,28186,9272,5655,263,0,0,0,0,7676,40,200,6740,55,66,343,232,400,78,95,116,111,4920,2020,326,298,355,116,30206,10761,6328,764,8503,625,5446,30206,10170,7247,86,89,2748,20036,4919,5497,114,7592,336,246,1332,19,1313,9923,19571,9436,10135
Solano,617,94585,Suisun City,Solano,38.2408,-122.042,1077,8600000US94585,94585,29351,14520,14831,97.9,1743,1941,2114,1925,2031,4982,3819,3548,2039,1694,2102,879,534,34.9,6715,23289,22636,21174,4475,3515,22636,10665,11971,89.1,3515,1339,2176,61.5,29351,25888,3463,25888,11586,5899,205,0,0,0,0,5499,356,531,3709,182,69,310,342,277,0,70,83,124,2422,3463,362,246,562,63,29351,14236,6776,704,7068,942,3602,29351,8000,6156,514,19,1311,21351,7572,5877,89,5312,200,213,2088,203,1885,9514,20662,9932,10730
Solano,638,94510,Benicia,Solano,38.0685,-122.1614,1016,8600000US94510,94510,28297,13916,14381,96.8,1482,1529,1725,1547,1067,2654,3727,3770,2476,2303,3933,1453,631,46.2,5798,23173,22499,21805,7420,6017,22499,10821,11678,92.7,6017,2655,3362,79,28297,25618,2679,25618,20514,908,69,0,0,0,0,3244,168,600,1514,161,70,182,549,117,0,87,0,30,766,2679,254,616,629,0,28297,22736,1450,814,4214,690,1254,28297,3902,2191,145,0,1566,24395,18131,898,0,3139,87,165,1975,34,1941,12025,21668,10407,11261
Solano,763,95620,Dixon,Solano,38.4403,-121.8088,1463,8600000US95620,95620,22312,11185,11127,100.5,1291,1726,1967,1492,1798,3372,2806,2381,1302,1049,1942,786,400,33.4,5774,16974,16538,15538,3793,3128,16538,8202,8336,98.4,3128,1489,1639,90.8,22312,20765,1547,20765,15972,431,88,0,0,67,0,889,77,80,130,86,39,82,395,78,76,0,0,2,3307,1547,103,95,255,4,22312,17384,645,268,1288,172,4211,22312,9139,8290,164,0,685,13173,11127,424,88,889,78,24,543,0,543,7808,14558,7055,7503
Solano,984,94571,Rio Vista,Solano,38.1637,-121.7016,1065,8600000US94571,94571,10330,4836,5494,88,158,308,130,479,356,858,334,875,744,1577,2693,1453,365,63.2,999,9658,9331,9178,5422,4511,9331,4394,4937,89,4511,2074,2437,85.1,10330,10028,302,10028,8083,1127,20,0,0,0,0,457,0,80,329,47,0,1,0,18,0,0,0,18,323,302,22,25,57,0,10330,8323,1205,45,576,24,459,10330,2357,1864,0,0,493,7973,6196,1127,20,457,18,21,134,12,122,5342,8818,4176,4642
Solano,1169,94535,Travis Afb,Solano,38.2743,-121.9463,1036,8600000US94535,94535,3407,1800,1607,112,565,439,263,148,478,984,378,87,29,18,18,0,0,22.3,1342,2140,2065,1930,28,18,2065,1060,1005,105.5,18,18,0,-,3407,3079,328,3079,2282,407,0,0,0,0,0,168,0,0,118,18,16,0,16,161,0,126,0,35,61,328,95,32,101,5,3407,2577,571,48,328,167,97,3407,534,310,90,15,119,2873,1889,403,0,168,161,0,252,0,252,1304,2019,1052,967
Solano,1377,94592,Vallejo,Solano,38.0968,-122.2699,1084,8600000US94592,94592,1038,594,444,133.8,29,29,12,8,213,205,217,116,54,40,57,54,4,36.2,78,960,960,960,147,115,960,542,418,129.7,115,51,64,79.7,1038,997,41,997,426,101,0,0,0,0,0,423,22,67,190,0,0,122,22,28,28,0,0,0,19,41,0,0,0,0,1038,443,125,0,423,28,60,1038,94,36,22,0,36,944,379,101,0,423,28,0,13,13,0,414,924,542,382
Sacramento,33,95823,Sacramento,Sacramento,38.4797,-121.4438,1565,8600000US95823,95823,80842,39278,41564,94.5,6757,6975,6484,5779,5146,13853,9613,8320,4924,4211,5355,2497,928,31.5,23945,59213,56897,54166,11008,8780,56897,27176,29721,91.4,8780,3964,4816,82.3,80842,72261,8581,72261,21342,16485,523,30,0,5,8,17938,1445,2720,2594,123,80,2149,8827,3039,19,113,0,2907,12934,8581,2164,237,677,631,80842,27418,20426,1886,20319,4416,16146,80842,25768,22589,776,62,2341,55074,12290,16100,253,17705,3020,547,5159,269,4890,24830,46202,22035,24167
Sacramento,34,95630,Folsom,Sacramento,38.6709,-121.1529,1472,8600000US95630,95630,79584,40479,39105,103.5,4504,5404,6351,4718,3654,9400,12262,13665,5114,4381,5710,3148,1273,40.2,19698,62067,59886,57849,12649,10131,59886,30693,29193,105.1,10131,4006,6125,65.4,79584,72853,6731,72853,53128,3380,273,42,6,17,0,13392,6903,1867,1515,416,685,1138,868,300,60,3,74,163,2380,6731,740,946,2627,65,79584,59519,4412,1377,16249,450,4491,79584,12487,8234,758,95,3400,67097,45634,3231,252,13153,300,245,4282,139,4143,28583,54486,27944,26542
Sacramento,76,95624,Elk Grove,Sacramento,38.4232,-121.3599,1466,8600000US95624,95624,67017,32115,34902,92,3805,4358,5237,6053,4492,7315,9202,9370,4791,4224,5041,2462,667,37.6,17718,52267,49299,46889,10524,8170,49299,22704,26595,85.4,8170,3481,4689,74.2,67017,60392,6625,60392,32567,5836,519,56,20,41,0,16404,2831,2032,4072,417,143,4169,2740,2207,104,78,71,1954,2859,6625,1316,293,1452,34,67017,38138,8116,918,18991,2797,5321,67017,11766,9841,551,8,1366,55251,26972,5643,218,16223,2098,180,3917,130,3787,20588,46047,21469,24578
Sacramento,81,95758,Elk Grove,Sacramento,38.4243,-121.437,1551,8600000US95758,95758,65952,32428,33524,96.7,4277,4041,4904,5102,3505,8397,9750,9451,4846,3606,4858,2312,903,38,16767,51430,49185,46789,10217,8073,49185,23768,25417,93.5,8073,3215,4858,66.2,65952,59258,6694,59258,28219,8742,402,8,0,18,0,18066,1376,3620,5665,455,247,2645,4058,856,19,146,9,682,2973,6694,2004,546,1432,0,65952,34177,11140,1204,20424,1256,4852,65952,13123,10109,395,225,2394,52829,21629,8247,146,17838,729,48,4192,61,4131,22637,44709,21330,23379
Sacramento,108,95608,Carmichael,Sacramento,38.6284,-121.3287,1455,8600000US95608,95608,62330,29550,32780,90.1,3362,3100,3740,3191,3506,8628,7078,7497,4537,4572,6675,3756,2688,42.6,12149,51458,50181,48213,15907,13119,50181,23354,26827,87.1,13119,5454,7665,71.2,62330,57315,5015,57315,47717,3270,265,63,8,10,0,4530,155,462,962,354,644,452,1501,373,0,104,126,143,1160,5015,669,1042,1493,79,62330,52316,4567,1900,6787,594,2555,62330,8936,5567,729,171,2469,53394,42044,3226,170,4385,325,46,3198,78,3120,27137,46841,21491,25350
Sacramento,132,95828,Sacramento,Sacramento,38.4826,-121.4006,1570,8600000US95828,95828,59139,28891,30248,95.5,3621,4248,4332,4434,3818,8433,7858,7223,3708,3545,4533,2341,1045,35.5,15047,46081,44092,41798,9966,7919,44092,21525,22567,95.4,7919,3713,4206,88.3,59139,53418,5721,53418,16127,5388,400,9,0,0,0,22952,1729,3965,2875,321,170,5183,8709,1713,30,139,136,1408,6838,5721,714,171,752,321,59139,20091,7361,1126,25283,2446,9213,59139,15973,13728,356,73,1816,43166,10038,5275,261,22614,1713,345,2920,155,2765,18351,36692,17493,19199
Sacramento,145,95670,Rancho Cordova,Sacramento,38.6072,-121.2761,1505,8600000US95670,95670,57222,27975,29247,95.7,4187,3737,3691,2741,3309,10416,7095,6322,3941,3339,5079,2396,969,35.5,13378,44971,43844,42350,10341,8444,43844,21356,22488,95,8444,3795,4649,81.6,57222,52908,4314,52908,35244,4884,313,0,0,40,26,7900,1305,1188,1542,313,684,695,2173,264,49,25,21,169,4303,4314,761,404,799,109,57222,38883,6152,1215,9554,684,5634,57222,11623,9146,350,37,2090,45599,29881,4814,57,7741,264,146,2696,107,2589,21684,38374,18736,19638
Sacramento,252,95843,Antelope,Sacramento,38.7159,-121.3648,1582,8600000US95843,95843,47928,23661,24267,97.5,3450,3481,3909,3244,3173,7087,6463,6233,3439,2708,3211,1058,472,34.3,12988,36464,34940,33309,6429,4741,34940,16579,18361,90.3,4741,2205,2536,86.9,47928,44451,3477,44451,32813,4236,182,13,0,0,22,5510,1774,165,1725,89,87,801,869,277,0,99,0,178,1433,3477,557,560,686,18,47928,35784,5104,1164,6768,665,2383,47928,7605,5658,264,23,1660,40323,28009,4176,96,5470,277,242,2053,32,2021,14851,31178,14999,16179
Sacramento,266,95610,Citrus Heights,Sacramento,38.6946,-121.2692,1456,8600000US95610,95610,46924,22851,24073,94.9,2730,2513,2967,2614,3101,8312,5767,5561,3037,2863,4738,1757,964,36.4,9746,38182,37178,35648,9096,7459,37178,17993,19185,93.8,7459,2990,4469,66.9,46924,43077,3847,43077,36981,1649,363,39,0,0,0,1884,211,277,698,160,226,242,70,28,10,0,0,18,2172,3847,1085,545,574,46,46924,40503,3125,1107,2731,214,3343,46924,9730,7263,219,39,2209,37194,31271,1632,221,1831,20,103,2116,152,1964,18385,34203,16610,17593
Sacramento,289,95822,Sacramento,Sacramento,38.5091,-121.4935,1564,8600000US95822,95822,45123,22251,22872,97.3,2867,2916,2825,2423,2670,6499,5919,5870,2415,3079,3898,2254,1488,38.9,10265,35904,34858,33562,9251,7640,34858,17000,17858,95.2,7640,3193,4447,71.8,45123,40375,4748,40375,17926,7108,284,17,7,0,0,8149,133,2521,1257,782,174,471,2811,580,121,19,0,440,6328,4748,636,236,830,57,45123,21213,8896,964,9794,1093,8546,45123,14789,13224,273,9,1283,30334,11918,6938,124,8060,558,194,2542,272,2270,17044,30941,14907,16034
Sacramento,321,95831,Sacramento,Sacramento,38.4962,-121.5297,1573,8600000US95831,95831,43141,20639,22502,91.7,2981,2151,2118,2025,1835,7037,4491,4980,2833,3183,5470,2549,1488,42.7,8815,35292,34326,33760,11286,9507,34326,15997,18329,87.3,9507,4354,5153,84.5,43141,38995,4146,38995,17697,6303,158,19,0,0,0,11672,268,5974,892,2738,178,195,1427,173,41,10,98,24,2992,4146,1001,231,1014,189,43141,21239,7944,705,13638,674,4023,43141,8980,7409,292,207,1072,34161,14262,5510,33,11368,173,360,2455,12,2443,19511,32837,15407,17430
Sacramento,342,95621,Citrus Heights,Sacramento,38.6952,-121.3075,1464,8600000US95621,95621,41755,20323,21432,94.8,1945,2148,2474,2580,2759,6585,5288,5423,2456,2760,4025,2094,1218,39.1,8301,34530,33454,32131,9158,7337,33454,15958,17496,91.2,7337,2753,4584,60.1,41755,38421,3334,38421,33157,1484,220,0,13,0,2,1269,205,137,450,103,22,194,158,46,8,0,21,17,2245,3334,678,616,715,43,41755,36082,2417,991,2498,323,3060,41755,7619,6268,343,78,930,34136,29012,1305,128,1239,28,88,2336,206,2130,17085,31989,15194,16795
Sacramento,359,95628,Fair Oaks,Sacramento,38.6554,-121.2611,1470,8600000US95628,95628,40922,19949,20973,95.1,1953,2131,2432,2303,2071,4967,4513,5672,2866,3084,5471,2341,1118,45.2,7924,34044,32998,31705,10766,8930,32998,15960,17038,93.7,8930,3927,5003,78.5,40922,37389,3533,37389,33276,777,70,10,0,0,8,2265,301,432,370,266,278,42,576,34,0,0,26,8,967,3533,289,799,1071,58,40922,36606,1303,1116,3585,193,1931,40922,5687,4086,261,54,1286,35235,29777,751,56,2231,8,19,2393,0,2393,16850,31845,15346,16499
Sacramento,367,95833,Sacramento,Sacramento,38.6157,-121.5053,1575,8600000US95833,95833,40380,19902,20478,97.2,3174,2761,2362,2539,2824,7947,6287,4570,2263,1852,2851,691,259,32.5,9811,31566,30569,29171,4935,3801,30569,14987,15582,96.2,3801,1745,2056,84.9,40380,36070,4310,36070,18015,5319,490,17,0,0,0,4503,1505,619,860,185,186,134,1014,661,57,41,226,337,7082,4310,882,497,696,72,40380,21379,6981,1405,6128,1003,8437,40380,15862,13542,242,193,1885,24518,11431,5011,224,4326,661,481,2384,117,2267,15814,26923,12987,13936
Sacramento,372,95838,Sacramento,Sacramento,38.6406,-121.444,1579,8600000US95838,95838,40068,20065,20003,100.3,2443,3623,3595,2765,3104,6514,5156,4795,2160,1862,2603,1062,386,32.1,11384,29858,28684,27067,5039,4051,28684,14293,14391,99.3,4051,1695,2356,71.9,40068,36225,3843,36225,15372,6025,356,0,0,0,0,7048,1107,137,637,19,9,85,5054,1330,22,0,449,859,6094,3843,803,401,589,167,40068,17875,7754,1232,8144,1806,7347,40068,14439,12530,186,118,1605,25629,8885,5916,97,7019,1330,49,2333,450,1883,11874,24317,12020,12297
Sacramento,385,95835,Sacramento,Sacramento,38.6626,-121.4834,1577,8600000US95835,95835,39444,19560,19884,98.4,2213,2501,3272,2488,1242,5383,6967,6131,1940,1885,3285,1623,514,39.1,9672,31047,29772,28778,6451,5422,29772,14373,15399,93.3,5422,2496,2926,85.3,39444,35862,3582,35862,15655,5631,299,63,0,0,0,12351,3750,2378,2813,401,238,587,2184,328,14,77,0,237,1598,3582,831,220,961,12,39444,18349,7192,653,14128,555,2546,39444,5496,4642,37,108,709,33948,12890,5610,201,12265,320,189,2473,219,2254,14330,27387,13170,14217
Sacramento,390,95826,Sacramento,Sacramento,38.5539,-121.3693,1568,8600000US95826,95826,39210,18990,20220,93.9,2274,2405,2047,1849,4486,7479,4322,5056,1685,1584,3401,1544,1078,33.7,7739,32125,31471,29849,7040,6023,31471,15141,16330,92.7,6023,2799,3224,86.8,39210,34713,4497,34713,22355,4212,247,13,13,0,0,4511,572,471,968,605,269,603,1023,190,0,0,100,90,3198,4497,1620,458,529,101,39210,26451,6478,1071,5588,693,4172,39210,9043,7339,260,57,1387,30167,18156,4079,99,4470,177,81,3105,126,2979,16484,29600,14190,15410
Sacramento,428,95825,Sacramento,Sacramento,38.5892,-121.4057,1567,8600000US95825,95825,37268,17938,19330,92.8,3016,2397,1656,1978,3918,7371,4746,3422,1565,1826,3218,1349,806,32.1,8167,29889,29101,27493,6554,5373,29101,13292,15809,84.1,5373,2125,3248,65.4,37268,34273,2995,34273,17746,5014,112,0,0,0,0,4630,557,267,719,94,102,282,2609,289,0,0,4,285,6482,2995,596,290,775,6,37268,20290,6048,661,5794,528,7382,37268,10257,8503,349,42,1363,27011,14906,4927,85,4561,285,142,2105,189,1916,16577,24418,10795,13623
Sacramento,436,95660,North Highlands,Sacramento,38.6707,-121.3781,1495,8600000US95660,95660,36820,18373,18447,99.6,3026,2709,3187,2452,2968,5613,4490,3647,1986,2406,2475,1411,450,32.1,10091,27608,26729,25069,5714,4336,26729,12871,13858,92.9,4336,2025,2311,87.6,36820,32756,4064,32756,24246,4204,49,0,0,0,9,2658,21,47,434,84,44,81,1947,108,21,57,0,30,1491,4064,753,643,183,173,36820,27836,5313,912,3144,390,3491,36820,11518,8948,273,17,2280,25302,16686,3909,21,2649,108,27,1902,16,1886,11469,22121,10370,11751
Sacramento,443,95821,Sacramento,Sacramento,38.6239,-121.3837,1563,8600000US95821,95821,36434,16809,19625,85.7,2647,2304,2432,1607,1789,5857,4275,4166,2648,2609,3512,1339,1249,38.1,8395,28691,28039,27040,7597,6100,28039,12640,15399,82.1,6100,2325,3775,61.6,36434,33564,2870,33564,21286,2669,223,45,20,0,0,5190,221,377,1197,149,51,24,3171,141,0,0,0,141,4055,2870,606,277,1042,11,36434,24028,3560,753,6340,236,4687,36434,6758,5449,153,71,1085,29676,19507,2617,179,5113,141,15,2104,0,2104,16267,23457,10302,13155
Sacramento,475,95820,Sacramento,Sacramento,38.5347,-121.4451,1562,8600000US95820,95820,35145,16612,18533,89.6,2048,1801,2221,2577,1705,6366,5753,4136,1935,2032,2459,1243,869,36.6,7684,28561,27461,26244,5731,4571,27461,12990,14471,89.8,4571,1947,2624,74.2,35145,31221,3924,31221,18366,3650,280,0,0,0,0,3679,28,590,243,66,64,214,2474,242,8,4,0,230,5004,3924,556,315,583,153,35145,21680,4930,1031,4497,424,6966,35145,14266,12422,386,18,1440,20879,11411,3585,37,3622,234,77,1913,300,1613,13881,24297,11286,13011
Sacramento,523,95842,Sacramento,Sacramento,38.6865,-121.3494,1581,8600000US95842,95842,33287,16283,17004,95.8,2588,2784,2319,1898,2266,5909,4096,3624,2444,1714,2050,1228,367,33.2,8987,25210,24300,23260,4571,3645,24300,11589,12711,91.2,3645,1645,2000,82.3,33287,29758,3529,29758,19901,4832,206,39,0,0,0,2769,46,52,1020,100,40,442,1069,72,1,0,0,71,1978,3529,906,234,980,262,33287,22843,6289,869,4010,272,2763,33287,7541,5680,359,21,1481,25746,16019,4586,106,2666,72,8,2289,23,2266,11897,20998,10084,10914
Sacramento,546,95662,Orangevale,Sacramento,38.6845,-121.2256,1497,8600000US95662,95662,32363,16063,16300,98.5,1963,1835,1787,1880,1809,4281,4239,4088,2557,1770,3904,1600,650,40.9,6720,26392,25643,24427,7213,6154,25643,12621,13022,96.9,6154,2724,3430,79.4,32363,28852,3511,28852,26489,547,158,69,0,0,3,793,109,123,205,105,133,63,55,76,61,4,0,11,789,3511,502,1020,850,9,32363,29772,1287,1291,1850,230,1683,32363,4463,3307,256,7,893,27900,24159,514,148,788,72,22,2197,129,2068,13012,24604,12168,12436
Sacramento,554,95632,Galt,Sacramento,38.2691,-121.3,1474,8600000US95632,95632,32039,16014,16025,99.9,2076,2077,2392,1861,1937,4158,4212,4288,2617,2111,2357,1468,485,37.9,7639,25222,24400,23288,5358,4310,24400,12064,12336,97.8,4310,1872,2438,76.8,32039,29209,2830,29209,23520,372,200,2,0,0,0,1293,343,85,250,91,100,184,240,67,0,57,0,10,3757,2830,458,564,274,125,32039,26046,1278,1171,1927,291,4703,32039,13997,12653,247,48,1049,18042,15030,278,53,1273,67,56,1285,25,1260,10874,21696,10854,10842
Sacramento,573,95834,Sacramento,Sacramento,38.6383,-121.5072,1576,8600000US95834,95834,31077,14964,16113,92.9,2598,2649,2407,1399,1420,7025,4369,3304,1358,1713,1774,653,408,32.8,8351,23182,22726,21807,3733,2835,22726,10917,11809,92.4,2835,1528,1307,116.9,31077,29166,1911,29166,11205,5636,133,0,0,0,0,8762,4160,1180,1758,83,103,188,1290,160,0,0,160,0,3270,1911,525,107,194,92,31077,12822,6584,652,9178,394,3743,31077,8286,6952,628,30,676,22791,7309,5318,72,8647,160,35,1250,112,1138,11095,18854,9036,9818
Sacramento,594,95824,Sacramento,Sacramento,38.5178,-121.4419,1566,8600000US95824,95824,30213,15064,15149,99.4,2358,2828,2211,2047,2415,4423,4180,3445,1472,1733,1834,736,531,31.9,8689,22310,21524,20155,3934,3101,21524,10620,10904,97.4,3101,1487,1614,92.1,30213,27373,2840,27373,8188,1859,176,0,0,21,0,9168,232,2786,420,100,61,1288,4281,579,124,0,90,365,7403,2840,280,348,336,0,30213,10623,2187,827,9820,841,8993,30213,12740,11835,341,15,549,17473,4085,1859,38,9122,579,757,1033,140,893,9503,16702,8126,8576
Sacramento,622,95829,Sacramento,Sacramento,38.4689,-121.344,1571,8600000US95829,95829,29014,14026,14988,93.6,2091,2079,2189,2312,1873,3690,4362,4003,1790,1512,1906,825,382,35.5,7878,22134,21136,19859,4084,3113,21136,10357,10779,96.1,3113,1415,1698,83.3,29014,26225,2789,26225,11121,2130,102,9,0,0,0,11150,2154,1567,1725,117,92,3241,2254,367,25,36,2,304,1355,2789,453,257,778,24,29014,13533,2907,585,12388,710,2061,29014,5229,4759,154,27,289,23785,8679,2097,70,10893,367,24,1655,81,1574,8750,19301,9363,9938
Sacramento,695,95815,Sacramento,Sacramento,38.6093,-121.4443,1557,8600000US95815,95815,25966,13529,12437,108.8,1840,2107,2214,1539,1847,4517,3586,3021,1529,1561,1284,810,111,32.4,7185,19399,18781,18020,2995,2205,18781,9716,9065,107.2,2205,986,1219,80.9,25966,23521,2445,23521,10908,2924,416,0,0,0,0,2070,274,185,225,57,25,33,1271,82,34,0,0,48,7121,2445,435,144,232,17,25966,13018,3717,706,2838,102,8479,25966,12068,10814,105,42,1107,13898,7850,2879,166,1988,71,78,866,0,866,10290,15359,7888,7471
Sacramento,712,95864,Sacramento,Sacramento,38.5878,-121.3769,1583,8600000US95864,95864,25001,11933,13068,91.3,1091,1711,1589,1648,1108,2338,2925,3489,2141,1510,3065,1526,860,45.3,5501,20271,19500,18864,6366,5451,19500,9271,10229,90.6,5451,2447,3004,81.5,25001,23219,1782,23219,18806,753,44,0,0,0,0,2252,431,408,283,141,107,137,745,70,57,0,0,13,1294,1782,252,299,535,120,25001,20371,1173,590,2862,123,1784,25001,3372,2784,81,32,475,21629,17505,685,35,2224,70,21,1089,64,1025,10235,18267,8792,9475
Sacramento,776,95818,Sacramento,Sacramento,38.5568,-121.4929,1560,8600000US95818,95818,21437,10346,11091,93.3,1544,1090,1200,663,986,3868,3180,2623,1367,1593,1999,877,447,38,4291,17423,17146,16702,4210,3323,17146,7988,9158,87.2,3323,1469,1854,79.2,21437,19131,2306,19131,13793,1377,127,14,6,0,0,2434,127,968,155,290,53,286,555,680,0,33,0,647,720,2306,322,154,522,0,21437,15952,2146,467,3370,753,1601,21437,4170,2755,269,52,1094,17267,11942,1189,14,2167,680,46,1229,45,1184,10610,16180,7540,8640
Sacramento,778,95827,Sacramento,Sacramento,38.5662,-121.3286,1569,8600000US95827,95827,21325,10537,10788,97.7,1338,1128,1617,1432,1696,3580,2701,2515,1393,1357,1281,881,406,34.6,5115,16970,16210,15617,3513,2568,16210,8048,8162,98.6,2568,1018,1550,65.7,21325,19606,1719,19606,12071,3465,135,19,0,0,0,1981,58,365,564,121,304,276,293,196,70,11,0,115,1758,1719,540,97,367,1,21325,13636,4345,481,2528,278,2088,21325,4628,3764,97,32,735,16697,9810,3388,45,1956,196,0,1302,68,1234,7691,14618,7219,7399
Sacramento,798,95819,Sacramento,Sacramento,38.5683,-121.4366,1561,8600000US95819,95819,20379,9681,10698,90.5,1161,931,875,2466,1435,2796,2859,2407,1172,1131,2232,497,417,37,3798,17129,16581,14422,3827,3146,16581,7713,8868,87,3146,1327,1819,73,20379,18385,1994,18385,15785,479,44,0,0,0,0,1248,50,400,192,168,48,113,277,29,16,13,0,0,800,1994,539,107,710,0,20379,17490,1201,277,2243,157,1227,20379,3688,2621,61,9,997,16691,13696,471,23,1175,16,38,1272,4,1268,8464,16298,7596,8702
Sacramento,805,95841,Sacramento,Sacramento,38.6627,-121.3406,1580,8600000US95841,95841,20063,9005,11058,81.4,1617,1152,951,816,1637,3793,2694,2216,1383,992,1803,640,369,35.3,4237,16176,15826,15230,3352,2812,15826,7004,8822,79.4,2812,952,1860,51.2,20063,18130,1933,18130,13716,1539,268,0,0,0,0,1646,35,103,385,53,130,534,406,25,25,0,0,0,936,1933,420,164,137,32,20063,15562,2509,916,1983,49,1589,20063,4265,3626,259,62,318,15798,11444,1488,195,1614,25,0,1032,56,976,8609,13985,6115,7870
Sacramento,858,95816,Sacramento,Sacramento,38.5728,-121.4675,1558,8600000US95816,95816,16913,8144,8769,92.9,588,228,266,310,1187,6234,2228,1534,835,926,1619,591,367,34.3,1263,15781,15650,15489,3063,2577,15650,7633,8017,95.2,2577,1173,1404,83.5,16913,15642,1271,15642,13097,541,58,0,0,13,0,970,167,300,263,44,76,46,74,179,0,21,0,158,797,1271,169,246,283,0,16913,14296,805,324,1335,273,1276,16913,2787,1991,107,50,639,14126,11776,532,35,900,158,16,709,114,595,10402,15156,7390,7766
Sacramento,866,95673,Rio Linda,Sacramento,38.6895,-121.4479,1507,8600000US95673,95673,16337,7971,8366,95.3,1146,1113,1182,867,1182,2109,1936,1956,1259,1396,1381,461,349,37.6,3950,12706,12387,11815,3015,2191,12387,6224,6163,101,2191,946,1245,76,16337,15269,1068,15269,12716,236,125,4,0,0,0,1283,29,63,345,24,107,112,603,9,0,9,0,0,900,1068,194,35,304,2,16337,13777,471,204,1633,116,1321,16337,3272,2855,92,157,168,13065,10905,236,25,1228,9,62,600,13,587,5206,11554,5745,5809
Sacramento,913,95817,Sacramento,Sacramento,38.5498,-121.4583,1559,8600000US95817,95817,13966,6488,7478,86.8,541,580,451,723,1201,3715,1960,1229,841,1036,892,577,220,34.4,1881,12260,12085,11475,2043,1689,12085,5483,6602,83.1,1689,576,1113,51.8,13966,12365,1601,12365,7565,1695,345,0,0,8,10,1436,31,343,358,51,22,160,471,21,0,21,0,0,1303,1601,476,65,433,38,13966,9088,2384,577,1995,246,1538,13966,3151,2756,79,19,297,10815,6269,1639,170,1436,21,176,1104,15,1089,6706,11195,5021,6174
Sacramento,935,95832,Sacramento,Sacramento,38.4695,-121.4883,1574,8600000US95832,95832,12695,6582,6113,107.7,888,1037,979,884,796,2313,1793,1152,744,480,1160,457,12,33.2,3461,9605,9234,8723,2035,1629,9234,4682,4552,102.9,1629,810,819,98.9,12695,11359,1336,11359,1961,3121,70,16,0,0,0,4631,84,780,362,26,0,215,3164,362,0,0,34,328,1214,1336,606,25,143,83,12695,2953,4079,297,4890,541,1494,12695,2854,2087,267,0,500,9841,1260,2609,48,4631,346,69,878,100,778,3331,8339,4096,4243
Sacramento,938,95742,Rancho Cordova,Sacramento,38.5981,-121.2153,1547,8600000US95742,95742,12643,6475,6168,105,1169,1114,1079,468,555,1714,2322,1681,730,715,796,235,65,35.7,3744,9084,8899,8729,1416,1096,8899,4278,4621,92.6,1096,547,549,99.6,12643,11521,1122,11521,6987,1195,35,0,0,3,0,3109,772,461,996,0,239,497,144,14,0,14,0,0,181,1122,282,10,409,0,12643,8055,1578,79,3629,89,451,12643,1427,951,145,56,275,11216,6280,1195,32,3105,14,45,545,31,514,3727,8461,4096,4365
Sacramento,942,95814,Sacramento,Sacramento,38.5804,-121.4922,1556,8600000US95814,95814,12551,7162,5389,132.9,170,277,115,125,1013,4557,1543,1350,770,695,1102,510,324,35.1,613,11981,11938,11814,2205,1936,11938,6841,5097,134.2,1936,906,1030,88,12551,11810,741,11810,7800,1858,171,44,0,0,0,1004,163,433,67,26,51,103,161,34,0,2,19,13,943,741,262,145,81,47,12551,8362,2269,423,1194,63,1040,12551,2788,2093,170,11,514,9763,6195,1808,93,985,26,43,613,47,566,7753,11447,6605,4842
Sacramento,1065,95693,Wilton,Sacramento,38.3983,-121.2303,1526,8600000US95693,95693,6404,3263,3141,103.9,264,329,400,186,249,712,567,875,577,599,1143,350,153,51.9,1138,5279,5266,5158,1841,1646,5266,2557,2709,94.4,1646,806,840,96,6404,6106,298,6106,5164,155,91,0,0,0,0,475,0,176,71,0,0,26,202,0,0,0,0,0,221,298,0,41,5,0,6404,5462,155,132,480,0,473,6404,1515,1080,56,0,379,4889,4196,99,91,428,0,0,75,34,41,2476,5088,2468,2620
Sacramento,1074,95683,Sloughhouse,Sacramento,38.5143,-121.0964,1516,8600000US95683,95683,6084,2752,3332,82.6,261,122,487,395,243,261,676,829,432,682,1061,431,204,52.4,1221,5014,4863,4748,2025,1696,4863,2221,2642,84.1,1696,796,900,88.4,6084,5697,387,5697,4984,247,106,29,0,0,0,208,0,46,33,60,6,0,63,0,0,0,0,0,152,387,13,34,70,0,6084,5351,280,140,309,0,422,6084,976,823,15,0,138,5108,4467,247,29,208,0,40,117,0,117,2556,4646,2187,2459
Sacramento,1081,95626,Elverta,Sacramento,38.7233,-121.4497,1468,8600000US95626,95626,5879,3112,2767,112.5,340,297,472,280,430,739,620,748,542,421,619,277,94,40.3,1297,4721,4582,4325,1155,990,4582,2388,2194,108.8,990,471,519,90.8,5879,5684,195,5684,4890,157,119,21,0,23,0,285,5,18,20,10,0,0,232,91,0,0,0,91,142,195,11,30,13,0,5879,5068,183,164,315,91,268,5879,1086,767,241,0,78,4793,4065,125,115,282,91,35,80,11,69,1933,4410,2312,2098
Sacramento,1129,95655,Mather,Sacramento,38.5579,-121.291,1492,8600000US95655,95655,4334,2089,2245,93.1,297,453,305,223,307,666,653,663,174,221,234,125,13,34.1,1243,3234,3091,3034,508,372,3091,1517,1574,96.4,372,150,222,67.6,4334,3823,511,3823,2590,328,13,0,0,0,0,644,171,44,124,11,13,0,281,10,10,0,0,0,238,511,16,98,62,0,4334,2997,385,124,794,223,352,4334,505,324,56,0,125,3829,2446,311,0,644,0,45,383,0,383,1455,3000,1465,1535
Sacramento,1245,95638,Herald,Sacramento,38.3119,-121.1729,1480,8600000US95638,95638,2142,1045,1097,95.3,19,67,144,121,114,137,252,235,199,230,306,136,182,53.8,333,1846,1809,1753,735,624,1809,874,935,93.5,624,252,372,67.7,2142,2029,113,2029,1635,96,28,0,0,0,0,97,38,30,19,0,4,0,6,23,0,0,0,23,150,113,0,14,19,0,2142,1743,109,50,129,28,217,2142,386,288,0,0,98,1756,1471,96,28,97,23,0,41,0,41,869,1712,849,863
Sacramento,1250,95690,Walnut Grove,Sacramento,38.2396,-121.5443,1523,8600000US95690,95690,2060,1081,979,110.4,117,181,160,163,29,385,219,190,59,171,318,68,0,34.8,535,1569,1525,1439,540,386,1525,787,738,106.6,386,275,111,247.7,2060,2046,14,2046,1563,41,0,0,0,0,0,104,0,58,32,14,0,0,0,0,0,0,0,0,338,14,0,14,0,0,2060,1577,41,14,104,0,338,2060,730,730,0,0,0,1330,1062,41,0,104,0,109,14,0,14,956,1363,664,699
Sacramento,1312,95641,Isleton,Sacramento,38.157,-121.6066,1483,8600000US95641,95641,1459,749,710,105.5,16,27,67,86,68,168,98,263,95,110,267,102,92,53.5,162,1314,1297,1263,516,461,1297,666,631,105.5,461,236,225,104.9,1459,1381,78,1381,1253,8,12,6,0,0,0,51,2,0,28,12,0,0,9,0,0,0,0,0,57,78,6,13,37,0,1459,1331,14,25,88,0,79,1459,261,246,0,0,15,1198,1097,8,6,49,0,0,38,0,38,1034,1224,627,597
Sacramento,1403,95615,Courtland,Sacramento,38.3137,-121.563,1459,8600000US95615,95615,877,464,413,112.3,75,77,11,44,0,119,135,184,10,44,121,25,32,40.8,207,682,670,670,204,178,670,317,353,89.8,178,135,43,314,877,608,269,608,559,0,0,0,0,0,0,8,0,0,0,8,0,0,0,0,0,0,0,0,41,269,24,40,24,0,877,816,24,40,44,0,222,877,297,257,0,0,40,580,524,0,0,8,0,0,48,0,48,336,644,301,343
Sacramento,1448,95830,Sacramento,Sacramento,38.4896,-121.2772,1572,8600000US95830,95830,670,327,343,95.3,0,0,45,25,51,21,13,211,77,20,89,53,65,54.4,57,618,613,600,221,207,613,286,327,87.5,207,111,96,115.6,670,662,8,662,553,0,16,0,0,0,0,74,13,47,1,0,1,0,12,0,0,0,0,0,19,8,0,2,0,0,670,561,0,18,74,0,25,670,127,127,0,0,0,543,451,0,16,74,0,0,2,0,2,225,609,282,327
Sacramento,1454,95652,Mcclellan,Sacramento,38.6621,-121.3955,1490,8600000US95652,95652,635,312,323,96.6,21,36,89,84,27,59,103,82,40,0,53,31,10,35.1,176,489,459,405,94,94,459,222,237,93.7,94,23,71,32.4,635,558,77,558,430,37,0,0,0,0,0,91,0,60,31,0,0,0,0,0,0,0,0,0,0,77,32,0,0,0,635,474,78,0,124,0,36,635,164,57,106,0,1,471,302,37,0,91,0,0,41,0,41,190,400,180,220
Sacramento,1547,95639,Hood,Sacramento,38.3702,-121.5143,1481,8600000US95639,95639,309,85,224,37.9,45,0,0,40,49,0,0,120,20,15,20,0,0,45.4,55,264,254,224,35,20,254,66,188,35.1,20,0,20,-,309,257,52,257,257,0,0,0,0,0,0,0,0,0,0,0,0,0,0,0,0,0,0,0,0,52,0,0,10,0,309,297,0,0,22,30,12,309,247,202,0,0,45,62,40,0,0,0,0,0,22,12,10,108,254,66,188
Sacramento,1566,95837,Sacramento,Sacramento,38.6817,-121.603,1578,8600000US95837,95837,265,157,108,145.4,0,0,18,7,27,14,3,75,40,46,32,0,3,50.9,25,243,240,217,45,35,240,143,97,147.4,35,27,8,337.5,265,254,11,254,233,10,0,0,0,0,0,11,0,0,0,0,0,0,11,0,0,0,0,0,0,11,0,0,11,0,265,244,10,0,22,0,0,265,0,0,0,0,0,265,233,10,0,11,0,0,11,0,11,123,240,143,97
El Dorado,318,95762,El Dorado Hills,El Dorado,38.685,-121.068,1552,8600000US95762,95762,43396,20941,22455,93.3,2290,3009,3469,3391,1649,3104,4885,7184,3670,2757,4877,2187,924,44.8,11110,33949,32286,30860,9339,7988,32286,15285,17001,89.9,7988,3450,4538,76,43396,40353,3043,40353,33369,746,129,26,0,0,0,5152,1422,620,1506,180,221,554,649,147,0,0,0,147,810,3043,385,566,1264,0,43396,36335,1176,764,6724,404,1298,43396,3177,1899,274,43,961,40219,31234,708,115,5150,147,260,2605,206,2399,15248,30853,14682,16171
El Dorado,469,95667,Placerville,El Dorado,38.7195,-120.8046,1502,8600000US95667,95667,35452,17169,18283,93.9,1622,1503,1646,1711,1743,3821,3472,4500,3479,2917,5770,2201,1067,50.4,5935,30407,29517,28478,10828,9038,29517,14203,15314,92.7,9038,4303,4735,90.9,35452,34292,1160,34292,32537,243,283,39,0,3,3,444,0,264,87,33,19,24,17,23,23,0,0,0,762,1160,141,442,134,0,35452,33653,395,826,625,142,1075,35452,4075,2988,270,31,786,31377,29593,199,220,444,0,41,880,54,826,15402,28566,13967,14599
El Dorado,592,96150,South Lake Tahoe,El Dorado,38.917,-119.9865,1765,8600000US96150,96150,30369,15865,14504,109.4,1362,1172,1364,1621,2111,4999,4256,3662,2047,2783,3389,1161,442,40.2,4762,26248,25607,24538,6525,4992,25607,13576,12031,112.8,4992,2650,2342,113.2,30369,28836,1533,28836,25448,221,64,0,0,0,0,1494,139,183,831,51,97,89,104,38,21,17,0,0,1571,1533,221,436,273,0,30369,26855,552,675,1922,181,1893,30369,7108,5869,125,40,1074,23261,20436,197,34,1494,21,8,1071,40,1031,23496,23347,12712,10635
El Dorado,611,95682,Shingle Springs,El Dorado,38.6465,-120.9641,1515,8600000US95682,95682,29556,14660,14896,98.4,1321,1679,2020,1680,1969,2872,2836,4253,1973,2233,3491,1988,1241,45.8,6219,24017,23337,22463,7997,6720,23337,11418,11919,95.8,6720,2977,3743,79.5,29556,28263,1293,28263,26235,200,70,11,0,0,0,810,72,177,135,39,128,17,242,233,0,0,0,233,715,1293,90,356,345,0,29556,27512,300,446,1191,239,1201,29556,4733,3585,127,46,975,24823,22866,200,43,784,233,0,697,30,667,11862,22438,10977,11461
El Dorado,1029,95726,Pollock Pines,El Dorado,38.7708,-120.5427,1543,8600000US95726,95726,8207,4273,3934,108.6,398,392,376,456,267,858,806,1179,755,1048,1062,441,169,48.9,1521,6952,6686,6547,2313,1672,6686,3442,3244,106.1,1672,832,840,99,8207,8066,141,8066,7610,44,79,6,64,0,4,202,10,4,49,0,0,96,43,0,0,0,0,0,131,141,2,44,61,0,8207,7751,47,140,275,17,136,8207,719,464,36,0,219,7488,7063,44,79,167,0,0,135,0,135,4139,6621,3414,3207
El Dorado,1061,95672,Rescue,El Dorado,38.7194,-120.9945,1506,8600000US95672,95672,6543,2852,3691,77.3,251,269,360,399,645,253,806,892,821,343,922,463,119,49.2,1161,5615,5382,4976,1692,1504,5382,2260,3122,72.4,1504,629,875,71.9,6543,6373,170,6373,5804,15,198,0,0,0,0,240,80,112,26,3,19,0,0,0,0,0,0,0,116,170,0,39,26,0,6543,5947,48,261,302,36,161,6543,983,778,0,0,205,5560,5101,14,73,240,0,0,132,7,125,2293,5236,2166,3070
El Dorado,1062,95619,Diamond Springs,El Dorado,38.6865,-120.8145,1462,8600000US95619,95619,6504,3253,3251,100.1,400,378,867,253,63,663,1162,578,396,572,488,567,117,40.7,1724,4818,4780,4606,1395,1172,4780,2399,2381,100.8,1172,606,566,107.1,6504,6284,220,6284,5871,40,38,0,0,0,0,219,0,0,156,8,55,0,0,11,0,0,11,0,105,220,0,93,30,0,6504,6091,40,131,249,11,202,6504,1473,1459,0,0,14,5031,4654,0,38,205,11,0,123,0,123,2759,4467,2307,2160
El Dorado,1086,95709,Camino,El Dorado,38.747,-120.6743,1534,8600000US95709,95709,5634,2814,2820,99.8,174,360,400,254,199,307,577,842,625,457,1078,315,46,50.9,1072,4624,4562,4397,1620,1439,4562,2336,2226,104.9,1439,693,746,92.9,5634,5470,164,5470,5305,0,6,0,0,0,0,100,0,0,10,33,37,8,12,18,18,0,0,0,41,164,0,87,59,0,5634,5469,0,93,159,18,59,5634,302,258,0,0,44,5332,5061,0,6,100,18,0,147,17,130,2546,4400,2221,2179
El Dorado,1122,95633,Garden Valley,El Dorado,38.8665,-120.8567,1475,8600000US95633,95633,4482,2207,2275,97,294,346,425,157,144,378,665,357,267,555,524,316,54,40.6,1199,3400,3283,3247,1268,894,3283,1699,1584,107.3,894,456,438,104.1,4482,4430,52,4430,4275,34,50,25,0,0,0,63,0,30,27,6,0,0,0,0,0,0,0,0,8,52,17,9,17,0,4482,4327,51,59,89,9,8,4482,386,323,0,0,63,4096,3933,34,25,52,0,0,52,0,52,1537,3153,1604,1549
El Dorado,1124,95614,Cool,El Dorado,38.8923,-120.9802,1458,8600000US95614,95614,4446,2246,2200,102.1,179,254,298,243,49,455,542,555,385,684,585,175,42,49.5,873,3699,3573,3462,1203,802,3573,1739,1834,94.8,802,387,415,93.3,4446,4310,136,4310,4158,0,0,0,0,0,0,0,0,0,0,0,0,0,0,0,0,0,0,0,152,136,0,76,55,0,4446,4294,0,76,55,0,157,4446,315,295,0,0,20,4131,4000,0,0,0,0,0,131,0,131,1775,3428,1643,1785
El Dorado,1143,95623,El Dorado,El Dorado,38.633,-120.8498,1465,8600000US95623,95623,3949,2065,1884,109.6,70,77,58,340,198,684,326,539,392,492,485,242,46,49.9,494,3676,3455,3350,1010,773,3455,1732,1723,100.5,773,323,450,71.8,3949,3868,81,3868,3583,0,49,0,0,0,0,177,0,47,31,13,74,0,12,9,0,0,9,0,50,81,57,10,14,0,3949,3664,57,59,191,9,50,3949,182,165,0,0,17,3767,3488,0,12,177,9,0,81,0,81,1643,3285,1606,1679
El Dorado,1144,95634,Georgetown,El Dorado,38.9185,-120.7599,1476,8600000US95634,95634,3921,2472,1449,170.6,134,147,236,179,147,265,543,264,357,368,804,286,191,56.1,621,3357,3300,3187,1546,1281,3300,1961,1339,146.5,1281,975,306,318.6,3921,3844,77,3844,3616,9,127,0,0,76,0,85,0,46,6,25,0,0,8,0,0,0,0,0,7,77,0,48,0,0,3921,3693,23,183,93,2,20,3921,578,319,53,0,206,3343,3193,9,0,85,0,0,56,0,56,2022,3275,1954,1321
El Dorado,1198,95684,Somerset,El Dorado,38.5953,-120.5949,1517,8600000US95684,95684,2857,1353,1504,90,0,162,90,22,155,234,219,155,313,401,759,317,30,61.1,274,2605,2583,2568,1336,1106,2583,1172,1411,83.1,1106,546,560,97.5,2857,2644,213,2644,2419,7,0,0,0,0,0,92,3,0,37,39,0,0,13,0,0,0,0,0,126,213,0,124,56,0,2857,2632,7,146,170,0,137,2857,471,366,6,0,99,2386,2130,7,0,92,0,0,157,11,146,1358,2583,1172,1411
El Dorado,1320,95636,Grizzly Flats,El Dorado,38.6489,-120.5098,1478,8600000US95636,95636,1382,693,689,100.6,0,128,219,70,0,38,212,118,154,77,290,37,39,46.1,417,1035,965,965,381,366,965,460,505,91.1,366,181,185,97.8,1382,1276,106,1276,1211,0,65,0,0,0,0,0,0,0,0,0,0,0,0,0,0,0,0,0,0,106,0,70,0,0,1382,1317,36,135,0,0,36,1382,3,3,0,0,0,1379,1208,0,65,0,0,0,106,0,106,696,965,460,505
El Dorado,1333,95664,Pilot Hill,El Dorado,38.8135,-121.0308,1499,8600000US95664,95664,1280,625,655,95.4,35,48,18,113,98,87,146,83,146,174,196,84,52,55.4,160,1163,1120,1012,465,332,1120,595,525,113.3,332,235,97,242.3,1280,1135,145,1135,1098,7,0,0,0,0,0,12,0,0,12,0,0,0,0,0,0,0,0,0,18,145,28,74,0,0,1280,1243,35,74,12,43,36,1280,36,18,0,0,18,1244,1098,7,0,12,0,0,127,0,127,625,1106,581,525
El Dorado,1391,96142,Tahoma,El Dorado,39.0644,-120.1357,1760,8600000US96142,96142,934,507,427,118.7,72,72,72,34,22,168,154,115,62,64,66,33,0,38.1,237,706,697,673,99,99,697,381,316,120.6,99,55,44,125,934,871,63,871,800,0,58,0,0,0,0,13,0,13,0,0,0,0,0,0,0,0,0,0,0,63,9,54,0,0,934,863,9,112,13,0,0,934,65,43,0,0,22,869,759,0,58,13,0,0,39,0,39,2191,668,361,307
El Dorado,1421,95635,Greenwood,El Dorado,38.9143,-120.9001,1477,8600000US95635,95635,801,398,403,98.8,0,23,0,88,63,76,47,63,133,140,72,45,51,56.5,23,778,778,684,308,168,778,375,403,93.1,168,41,127,32.3,801,779,22,779,728,20,0,0,0,0,0,0,0,0,0,0,0,0,0,0,0,0,0,0,31,22,0,0,0,0,801,750,20,0,0,0,53,801,148,131,0,0,17,653,633,20,0,0,0,0,0,0,0,454,757,354,403
El Dorado,1492,95651,Lotus,El Dorado,38.8278,-120.9238,1489,8600000US95651,95651,480,300,180,166.7,0,15,57,16,69,18,37,67,68,87,46,0,0,48.5,86,408,394,391,114,46,394,242,152,159.2,46,39,7,557.1,480,471,9,471,367,0,96,0,0,0,0,8,0,0,0,0,8,0,0,0,0,0,0,0,0,9,9,0,0,0,480,376,9,96,8,0,0,480,16,16,0,0,0,464,351,0,96,8,0,0,9,0,9,244,299,165,134
Sutter,360,95991,Yuba City,Sutter,39.1051,-121.6202,1648,8600000US95991,95991,40749,20110,20639,97.4,2999,3507,3060,2581,2495,6475,5129,4493,2037,2535,2551,1814,1073,33.6,11224,30640,29525,28041,6545,5438,29525,14346,15179,94.5,5438,2353,3085,76.3,40749,35896,4853,35896,26627,997,463,80,12,7,0,4128,2970,170,327,52,60,51,498,183,8,91,0,84,3498,4853,786,878,661,11,40749,31247,2097,1635,5145,315,5541,40749,16215,14841,383,28,963,24534,17233,855,369,4028,154,94,1801,124,1677,15057,24720,12029,12691
Sutter,423,95993,Yuba City,Sutter,39.1237,-121.6611,1649,8600000US95993,95993,37713,18824,18889,99.7,2203,2412,2486,2580,2602,4799,4613,4549,2371,2461,3954,1921,762,38.6,8715,30050,28998,27554,8159,6637,28998,14217,14781,96.2,6637,2996,3641,82.3,37713,34617,3096,34617,21650,691,470,55,51,0,0,10158,7786,262,672,193,56,158,1031,329,175,64,65,25,1319,3096,365,299,425,15,37713,24307,1098,906,11087,758,2823,37713,7427,6801,21,13,592,30286,17426,691,405,10139,132,65,1428,18,1410,13078,26191,12770,13421
Sutter,967,95953,Live Oak,Sutter,39.2601,-121.6923,1619,8600000US95953,95953,11073,5693,5380,105.8,960,858,1005,856,553,1509,1109,1433,552,596,1038,444,160,33.8,3364,8088,7709,7207,1947,1642,7709,3822,3887,98.3,1642,728,914,79.6,11073,9857,1216,9857,7097,167,50,0,0,0,0,1507,1350,18,19,12,0,0,108,8,0,0,3,5,1028,1216,71,385,66,6,11073,8196,256,594,1641,39,1685,11073,4981,4737,57,20,167,6092,4205,149,47,1444,8,8,231,0,231,3465,6455,3102,3353
Sutter,1183,95982,Sutter,Sutter,39.1779,-121.7758,1642,8600000US95982,95982,3097,1601,1496,107,156,151,231,243,115,457,384,375,242,280,252,166,45,41.4,754,2462,2343,2293,621,463,2343,1224,1119,109.4,463,272,191,142.4,3097,2993,104,2993,2809,0,37,9,0,0,0,102,0,2,0,9,0,74,17,29,29,0,0,0,16,104,0,38,29,0,3097,2904,0,75,140,38,44,3097,514,419,0,0,95,2583,2359,0,28,102,29,0,65,0,65,1219,2300,1221,1079
Sutter,1397,95674,Rio Oso,Sutter,38.967,-121.4773,1508,8600000US95674,95674,910,456,454,100.4,44,48,97,104,57,38,121,116,52,63,104,49,17,42,259,707,651,600,214,170,651,319,332,96.1,170,73,97,75.3,910,838,72,838,716,23,4,4,0,0,0,52,47,0,0,0,5,0,0,33,0,6,27,0,10,72,0,8,0,0,910,741,70,12,52,95,12,910,32,32,0,0,0,878,694,23,4,52,33,0,72,2,70,332,621,302,319
Sutter,1428,95659,Nicolaus,Sutter,38.8657,-121.557,1494,8600000US95659,95659,748,403,345,116.8,39,44,29,61,32,98,87,108,73,53,84,19,21,43.5,150,623,598,569,157,124,598,350,248,141.1,124,68,56,121.4,748,710,38,710,683,4,0,0,0,0,0,0,0,0,0,0,0,0,0,0,0,0,0,0,23,38,5,5,0,0,748,721,9,27,0,0,51,748,205,184,0,0,21,543,529,4,0,0,0,0,10,0,10,375,538,309,229
Sutter,1435,95957,Meridian,Sutter,39.052,-121.8061,1623,8600000US95957,95957,723,380,343,110.8,43,38,54,42,36,117,49,99,50,94,67,20,14,40.4,177,576,546,539,153,101,546,288,258,111.6,101,44,57,77.2,723,637,86,637,606,2,7,5,0,0,0,2,0,0,0,0,2,0,0,0,0,0,0,0,20,86,0,8,3,0,723,686,8,15,5,0,95,723,251,240,0,0,11,472,450,2,7,2,0,0,11,0,11,303,482,251,231
Sutter,1467,95668,Pleasant Grove,Sutter,38.8115,-121.4982,1503,8600000US95668,95668,588,270,318,84.9,6,20,60,55,28,40,106,58,35,57,74,37,12,44.3,120,487,468,447,163,123,468,216,252,85.7,123,56,67,83.6,588,554,34,554,498,0,5,0,0,0,0,20,0,0,0,0,0,0,20,6,0,0,6,0,25,34,0,14,2,0,588,532,0,19,22,6,43,588,86,86,0,0,0,502,460,0,0,20,6,0,16,0,16,243,411,192,219
Yuba,474,95901,Marysville,Yuba,39.1663,-121.5105,1584,8600000US95901,95901,35181,17653,17528,100.7,2851,2689,2668,2298,2172,5914,4352,3832,1975,2184,2581,1138,527,32.9,9620,26421,25561,24447,5326,4246,25561,12621,12940,97.5,4246,1844,2402,76.8,35181,31999,3182,31999,25643,1400,390,19,0,0,0,3143,176,236,259,117,0,48,2307,84,31,0,34,19,1339,3182,439,909,489,0,35181,28572,2217,1731,3990,222,2120,35181,10181,8521,402,88,1170,25000,18263,1331,208,2725,70,106,2297,200,2097,13157,23837,11721,12116
Yuba,623,95961,Olivehurst,Yuba,39.0861,-121.5497,1626,8600000US95961,95961,28929,14803,14126,104.8,2623,2663,2168,1667,2147,4981,3793,3112,1533,1475,1939,532,296,31.7,8549,21101,20380,19450,3625,2767,20380,10365,10015,103.5,2767,1311,1456,90,28929,25880,3049,25880,20154,885,534,50,27,4,0,2239,63,70,140,55,0,310,1601,142,29,50,7,56,1926,3049,375,665,390,21,28929,22958,1660,1374,2799,395,3198,28929,10521,9372,238,25,886,18408,13392,867,329,2215,142,12,1451,36,1415,9716,18587,9514,9073
Yuba,1107,95692,Wheatland,Yuba,39.0337,-121.4235,1525,8600000US95692,95692,4924,2281,2643,86.3,158,425,407,350,267,513,828,439,400,481,330,247,79,41.1,1227,3838,3697,3510,850,656,3697,1770,1927,91.9,656,249,407,61.2,4924,4383,541,4383,4165,8,29,0,0,0,0,91,0,20,31,22,10,0,8,50,0,0,2,48,40,541,156,160,121,0,4924,4703,164,189,215,53,141,4924,855,490,65,0,300,4069,3460,8,29,91,50,10,421,0,421,1694,3520,1689,1831
Yuba,1216,95918,Browns Valley,Yuba,39.2882,-121.3303,1592,8600000US95918,95918,2613,1416,1197,118.3,108,119,226,265,15,62,369,290,162,199,605,150,43,50.5,673,2050,1940,1895,944,798,1940,971,969,100.2,798,363,435,83.4,2613,2398,215,2398,2230,45,0,0,0,0,0,96,0,41,55,0,0,0,0,0,0,0,0,0,27,215,0,118,11,0,2613,2400,74,134,136,0,84,2613,245,221,0,9,15,2368,2124,45,0,41,0,0,158,0,158,1107,1920,951,969
Yuba,1293,95903,Beale Afb,Yuba,39.1115,-121.3604,1585,8600000US95903,95903,1601,960,641,149.8,132,96,109,174,634,278,131,41,0,6,0,0,0,21.9,356,1245,1245,905,6,0,1245,751,494,152,0,0,0,-,1601,1319,282,1319,1037,170,3,3,0,0,0,62,0,0,32,0,17,13,0,15,15,0,0,0,32,282,31,163,27,8,1601,1285,241,188,103,15,71,1601,334,312,0,0,22,1267,932,158,3,62,15,0,97,0,97,346,1230,751,479
Yuba,1296,95977,Smartville,Yuba,39.2076,-121.3001,1638,8600000US95977,95977,1586,837,749,111.7,45,141,117,44,73,305,275,38,66,69,242,99,72,36.6,332,1254,1254,1239,442,413,1254,670,584,114.7,413,208,205,101.5,1586,1382,204,1382,1294,26,33,0,0,0,0,2,2,0,0,0,0,0,0,5,0,5,0,0,22,204,30,28,115,0,1586,1497,57,61,117,5,53,1586,90,85,0,0,5,1496,1290,26,0,2,5,0,173,0,173,925,1250,670,580
Yuba,1329,95919,Brownsville,Yuba,39.4525,-121.2612,1593,8600000US95919,95919,1306,656,650,100.9,0,192,73,48,44,96,154,215,184,93,120,37,50,45.7,305,1021,1001,993,268,207,1001,543,458,118.6,207,141,66,213.6,1306,1158,148,1158,1150,8,0,0,0,0,0,0,0,0,0,0,0,0,0,0,0,0,0,0,0,148,0,148,0,0,1306,1298,8,148,0,0,0,1306,0,0,0,0,0,1306,1150,8,0,0,0,0,148,0,148,733,985,527,458
Yuba,1374,95962,Oregon House,Yuba,39.3459,-121.2663,1627,8600000US95962,95962,1053,633,420,150.7,120,71,40,32,34,210,96,43,0,54,199,110,44,40.3,231,822,822,790,407,353,822,490,332,147.6,353,221,132,167.4,1053,1053,0,1053,1006,34,0,0,0,0,0,0,0,0,0,0,0,0,0,13,0,0,0,13,0,0,0,0,0,0,1053,1006,34,0,0,13,0,1053,31,0,31,0,0,1022,975,34,0,0,13,0,0,0,0,539,809,477,332
Yuba,1481,95922,Camptonville,Yuba,39.4518,-121.0486,1595,8600000US95922,95922,512,250,262,95.4,26,21,34,41,0,27,65,46,38,85,95,22,12,53.7,113,422,399,390,167,129,399,213,186,114.5,129,73,56,130.4,512,473,39,473,470,0,2,0,0,0,0,0,0,0,0,0,0,0,0,1,1,0,0,0,0,39,0,39,0,0,512,509,0,41,0,1,0,512,43,42,0,0,1,469,427,0,2,0,1,0,39,0,39,315,398,213,185
Yuba,1569,95925,Challenge,Yuba,39.4685,-121.1936,1597,8600000US95925,95925,261,112,149,75.2,18,18,0,0,17,85,0,14,29,53,0,27,0,27.8,36,225,225,225,80,27,225,112,113,99.1,27,14,13,107.7,261,213,48,213,164,35,14,0,0,0,0,0,0,0,0,0,0,0,0,0,0,0,0,0,0,48,0,0,0,0,261,212,83,14,48,0,0,261,67,53,0,0,14,194,147,35,0,0,0,0,12,0,12,187,190,77,113
Placer,70,95747,Roseville,Placer,38.7703,-121.3372,1549,8600000US95747,95747,68541,33809,34732,97.3,4071,4706,4808,5043,3149,6972,10272,9485,3665,3663,6812,4077,1818,40,16978,53937,51563,49088,14999,12707,51563,24782,26781,92.5,12707,5450,7257,75.1,68541,64144,4397,64144,48634,1250,433,26,0,0,8,11513,4289,1044,3528,209,386,814,1243,434,402,0,19,13,1880,4397,163,449,1326,29,68541,52338,1970,1118,13740,1368,3292,68541,9323,6156,937,86,2144,59218,43645,1212,247,11288,67,24,2735,345,2390,25223,49467,24059,25408
Placer,198,95648,Lincoln,Placer,38.8942,-121.2908,1487,8600000US95648,95648,52777,25271,27506,91.9,2905,3874,3222,2766,2049,5114,6989,5873,2645,3092,7291,5033,1924,43.9,11865,42082,40912,39644,16173,14248,40912,19121,21791,87.7,14248,6191,8057,76.8,52777,49660,3117,49660,43482,624,164,0,0,0,0,3509,964,662,1198,98,102,268,217,62,20,0,0,42,1819,3117,334,483,531,0,52777,46395,1606,1015,4534,360,2870,52777,9252,6948,360,190,1754,43525,37439,610,38,3423,62,76,1877,105,1772,20757,39253,18334,20919
Placer,322,95678,Roseville,Placer,38.7609,-121.2867,1511,8600000US95678,95678,43078,21090,21988,95.9,2490,2087,3222,2975,2739,6954,6277,6043,2782,2352,2983,1286,888,36.7,9759,34770,33319,31896,6528,5157,33319,16154,17165,94.1,5157,2131,3026,70.4,43078,39140,3938,39140,32999,1069,248,0,0,0,0,3087,866,374,783,93,305,164,502,124,5,25,73,21,1613,3938,596,444,699,25,43078,36469,2007,969,4432,576,3083,43078,8492,6359,323,163,1647,34586,28330,992,62,3028,58,97,2019,58,1961,17331,31212,15206,16006
Placer,373,95765,Rocklin,Placer,38.8136,-121.2677,1553,8600000US95765,95765,39992,19330,20662,93.6,2480,2976,3598,3341,2789,4242,5597,5904,2467,1716,2684,1425,773,35.9,11201,30143,28791,27152,5888,4882,28791,13547,15244,88.9,4882,1849,3033,61,39992,36790,3202,36790,29250,653,122,0,0,6,0,5463,1181,1285,1325,212,257,376,827,32,17,3,0,12,1270,3202,561,388,1258,0,39992,32412,1260,658,6923,219,2049,39992,5378,3485,171,10,1712,34614,26170,647,120,5417,32,27,2201,25,2176,13665,27018,12779,14239
Placer,558,95661,Roseville,Placer,38.7346,-121.234,1496,8600000US95661,95661,31851,14912,16939,88,1946,1702,2008,1563,1632,4006,4220,3774,2629,2087,3444,1745,1095,42.2,6718,25901,25133,24256,7614,6284,25133,11630,13503,86.1,6284,2709,3575,75.8,31851,29790,2061,29790,25386,593,317,8,0,0,0,2894,784,522,745,185,124,267,267,92,13,8,12,59,508,2061,88,422,460,0,31851,27315,775,832,3574,213,1396,31851,4492,3226,306,25,935,27359,22554,569,49,2787,89,17,1294,246,1048,13038,24144,11201,12943
Placer,601,95603,Auburn,Placer,38.9115,-121.08,1450,8600000US95603,95603,29930,14369,15561,92.3,1233,1647,1560,1561,1388,2886,3393,3659,2142,2927,4311,2294,929,48.5,5407,25178,24523,23716,9525,7534,24523,11651,12872,90.5,7534,3257,4277,76.2,29930,28442,1488,28442,26998,177,223,16,9,0,0,625,16,74,211,106,112,29,77,63,0,0,0,63,356,1488,63,340,535,24,29930,28462,422,769,1204,118,645,29930,3772,2578,138,0,1056,26158,23987,177,133,625,63,59,1114,23,1091,13161,23109,10986,12123
Placer,671,95677,Rocklin,Placer,38.7877,-121.2366,1510,8600000US95677,95677,26872,13295,13577,97.9,1484,1594,1986,1822,1779,3265,3990,3519,1757,1444,2614,1152,466,37.7,6142,21476,20730,19746,5004,4232,20730,9995,10735,93.1,4232,1806,2426,74.4,26872,24922,1950,24922,21220,596,87,0,0,0,0,1704,289,693,309,122,32,61,198,45,42,0,0,3,1270,1950,320,453,591,20,26872,23082,996,609,2418,275,1657,26872,3741,2628,309,54,750,23131,19207,592,38,1704,45,274,1271,25,1246,10157,19595,9469,10126
Placer,746,95746,Granite Bay,Placer,38.7435,-121.1897,1548,8600000US95746,95746,23208,10996,12212,90,958,1411,1778,2084,1047,1474,2375,3730,2138,2030,2203,1296,684,46.3,5561,18319,17647,16865,5246,4183,17647,8450,9197,91.9,4183,2172,2011,108,23208,22319,889,22319,19241,735,112,24,19,0,0,1875,658,448,88,130,45,208,298,10,0,0,0,10,346,889,71,41,647,0,23208,20058,806,153,2594,10,476,23208,2485,1494,164,0,827,20723,17133,716,106,1875,10,54,829,97,732,8212,17167,8281,8886
Placer,829,95602,Auburn,Placer,38.9829,-121.0944,1449,8600000US95602,95602,18588,9255,9333,99.2,394,906,918,973,833,1796,1722,2220,1665,1577,3299,1517,768,53.8,2694,16170,15894,15294,6370,5584,15894,7848,8046,97.5,5584,2634,2950,89.3,18588,17989,599,17989,17336,22,66,0,0,0,0,285,29,48,119,58,0,2,29,7,0,0,0,7,273,599,31,185,239,4,18588,17922,132,265,612,86,330,18588,2238,1554,69,105,510,16350,15473,22,63,285,7,49,451,0,451,7886,15168,7493,7675
Placer,890,95650,Loomis,Placer,38.8071,-121.1698,1488,8600000US95650,95650,15172,7877,7295,108,963,960,756,768,594,1460,1772,2259,1646,1199,1838,772,185,47.1,3149,12397,12023,11604,3543,2795,12023,6221,5802,107.2,2795,1369,1426,96,15172,13847,1325,13847,13152,49,25,0,19,0,0,311,0,50,46,95,0,31,89,16,16,0,0,0,294,1325,43,499,164,1,15172,14476,210,660,475,16,795,15172,1522,872,22,0,628,13650,12470,24,25,298,16,0,817,37,780,5790,11801,6125,5676
Placer,978,95713,Colfax,Placer,39.0783,-120.9549,1535,8600000US95713,95713,10545,5377,5168,104,381,491,728,800,528,806,1125,1570,806,896,1463,709,242,47,2086,8659,8459,8082,3029,2414,8459,4276,4183,102.2,2414,1166,1248,93.4,10545,9880,665,9880,9385,151,186,78,0,0,0,37,0,1,12,0,0,24,0,0,0,0,0,0,121,665,0,326,62,0,10545,10046,166,512,115,16,382,10545,1434,988,0,78,368,9111,8335,151,186,37,0,38,364,45,319,4404,8322,4254,4068
Placer,1057,95631,Foresthill,Placer,39.0682,-120.7224,1473,8600000US95631,95631,6604,3529,3075,114.8,301,347,595,228,287,441,624,1048,582,614,965,403,169,51.1,1376,5304,5228,5133,1792,1537,5228,2604,2624,99.2,1537,763,774,98.6,6604,6478,126,6478,6340,0,0,0,0,0,0,79,0,27,29,20,0,0,3,0,0,0,0,0,59,126,0,0,36,0,6604,6441,0,0,140,0,149,6604,778,616,0,53,109,5826,5711,0,0,79,0,0,36,0,36,2825,5180,2577,2603
Placer,1063,95658,Newcastle,Placer,38.8763,-121.143,1493,8600000US95658,95658,6491,3335,3156,105.7,257,304,348,212,292,887,723,704,649,497,1125,401,92,48.8,1049,5524,5442,5323,1919,1618,5442,2895,2547,113.7,1618,798,820,97.3,6491,6166,325,6166,5609,227,67,0,0,0,0,202,8,98,11,70,0,10,5,0,0,0,0,0,61,325,0,165,100,0,6491,5934,235,266,328,8,79,6491,582,528,0,0,54,5909,5176,227,62,202,0,0,242,0,242,2702,5286,2782,2504
Placer,1104,95722,Meadow Vista,Placer,39.0031,-121.0292,1541,8600000US95722,95722,4969,2508,2461,101.9,253,176,225,258,127,498,387,766,379,452,1076,284,88,52.1,770,4256,4199,4044,1714,1448,4199,2224,1975,112.6,1448,791,657,120.4,4969,4682,287,4682,4479,0,52,9,0,0,0,74,30,0,11,6,27,0,0,12,12,0,0,0,65,287,0,71,167,0,4969,4766,0,123,241,12,114,4969,439,71,60,173,135,4530,4271,0,52,74,12,0,121,16,105,2092,4185,2210,1975
Placer,1170,96143,Kings Beach,Placer,39.2401,-120.0233,1761,8600000US96143,96143,3356,1687,1669,101.1,68,333,230,60,161,673,469,449,289,304,203,80,37,38.7,691,2690,2665,2636,493,320,2665,1358,1307,103.9,320,76,244,31.1,3356,3321,35,3321,2935,0,0,0,0,0,0,47,0,0,23,24,0,0,0,0,0,0,0,0,339,35,0,0,0,0,3356,2970,0,0,47,0,374,3356,997,931,0,0,66,2359,2277,0,0,47,0,0,35,35,0,3000,2239,1085,1154
Placer,1204,95663,Penryn,Placer,38.8567,-121.1791,1498,8600000US95663,95663,2787,1220,1567,77.9,35,127,226,147,145,153,285,546,274,218,382,203,46,49.6,480,2379,2307,2196,786,631,2307,1010,1297,77.9,631,261,370,70.5,2787,2639,148,2639,2466,0,40,25,0,0,0,22,0,0,3,12,7,0,0,13,7,0,0,6,98,148,39,45,0,0,2787,2611,39,88,22,20,155,2787,371,296,20,9,46,2416,2260,0,40,22,13,6,75,0,75,1088,2270,1004,1266
Placer,1211,96145,Tahoe City,Placer,39.1806,-120.1445,1762,8600000US96145,96145,2664,1201,1463,82.1,274,120,181,19,41,337,493,309,127,206,277,262,18,43.5,594,2089,2070,2061,653,557,2070,995,1075,92.6,557,333,224,148.7,2664,2624,40,2624,2442,78,22,0,0,0,0,65,39,23,3,0,0,0,0,0,0,0,0,0,17,40,0,0,40,0,2664,2482,78,22,105,0,17,2664,83,6,0,0,77,2581,2383,55,22,65,0,16,40,0,40,4751,2049,974,1075
Placer,1325,96140,Carnelian Bay,Placer,39.2319,-120.0753,1758,8600000US96140,96140,1345,650,695,93.5,16,21,86,35,36,152,221,187,95,144,239,70,43,49.6,158,1187,1187,1187,424,352,1187,650,537,121,352,211,141,149.6,1345,1155,190,1155,1052,12,23,23,0,0,0,68,0,68,0,0,0,0,0,0,0,0,0,0,0,190,34,0,86,0,1345,1242,46,23,154,0,70,1345,104,41,0,0,63,1241,1018,12,23,68,0,0,120,0,120,1746,1187,650,537
Placer,1364,96146,Olympic Valley,Placer,39.1752,-120.1954,1763,8600000US96146,96146,1096,588,508,115.7,53,79,41,9,39,290,155,155,112,56,76,31,0,36.4,182,923,914,914,146,107,914,504,410,122.9,107,55,52,105.8,1096,1059,37,1059,1030,0,0,0,0,0,0,0,0,0,0,0,0,0,0,0,0,0,0,0,29,37,0,0,8,0,1096,1067,0,0,8,0,58,1096,74,60,0,0,14,1022,1001,0,0,0,0,0,21,13,8,1954,866,479,387
Placer,1370,95701,Alta,Placer,39.2441,-120.7531,1532,8600000US95701,95701,1064,569,495,114.9,23,15,33,23,79,76,44,178,144,159,160,82,48,58.2,84,986,980,970,378,290,980,536,444,120.7,290,175,115,152.2,1064,1054,10,1054,982,5,0,0,0,0,0,63,0,27,0,17,0,19,0,0,0,0,0,0,4,10,0,10,0,0,1064,992,5,10,63,0,4,1064,14,8,0,0,6,1050,972,5,0,63,0,0,10,0,10,609,946,536,410
Placer,1379,95681,Sheridan,Placer,38.9953,-121.368,1514,8600000US95681,95681,1023,466,557,83.7,78,120,73,0,118,118,51,96,90,33,170,76,0,36.2,271,752,752,752,246,246,752,330,422,78.2,246,132,114,115.8,1023,1023,0,1023,1004,0,19,0,0,0,0,0,0,0,0,0,0,0,0,0,0,0,0,0,0,0,0,0,0,0,1023,1004,0,19,0,0,0,1023,120,120,0,0,0,903,903,0,0,0,0,0,0,0,0,367,658,300,358
Placer,1398,95703,Applegate,Placer,39.0007,-120.9924,1533,8600000US95703,95703,910,463,447,103.6,9,0,9,23,108,81,43,126,74,48,293,76,20,58.5,41,877,869,869,414,389,869,439,430,102.1,389,175,214,81.8,910,829,81,829,744,39,22,0,0,0,0,12,12,0,0,0,0,0,0,0,0,0,0,0,12,81,0,0,0,0,910,825,39,22,12,0,93,910,33,21,0,0,12,877,723,39,22,12,0,0,81,81,0,449,857,427,430
Placer,1446,96148,Tahoe Vista,Placer,39.2448,-120.0521,1764,8600000US96148,96148,679,349,330,105.8,20,36,35,0,32,166,84,36,54,101,69,35,11,42.2,91,588,588,576,193,115,588,306,282,108.5,115,46,69,66.7,679,665,14,665,555,0,0,0,0,0,0,0,0,0,0,0,0,0,0,0,0,0,0,0,110,14,0,14,0,0,679,569,0,14,0,0,110,679,256,256,0,0,0,423,409,0,0,0,0,0,14,0,14,614,464,288,176
Placer,1498,96141,Homewood,Placer,39.0786,-120.1734,1759,8600000US96141,96141,463,246,217,113.4,6,4,21,74,22,11,21,67,45,43,121,16,12,55.6,82,414,381,349,155,149,381,211,170,124.1,149,70,79,88.6,463,463,0,463,441,0,0,0,0,0,0,22,0,0,0,0,0,22,0,0,0,0,0,0,0,0,0,0,0,0,463,441,0,0,22,0,0,463,0,0,0,0,0,463,441,0,0,22,0,0,0,0,0,1561,381,211,170
Placer,1500,95714,Dutch Flat,Placer,39.1978,-120.8262,1536,8600000US95714,95714,445,207,238,87,9,25,30,49,19,42,51,50,16,53,53,26,22,44.5,89,359,356,327,132,101,356,158,198,79.8,101,67,34,197.1,445,445,0,445,416,0,11,0,0,0,0,0,0,0,0,0,0,0,0,0,0,0,0,0,18,0,0,0,0,0,445,416,0,11,0,0,18,445,48,14,0,0,34,397,386,0,11,0,0,0,0,0,0,296,347,153,194
Placer,1562,95736,Weimar,Placer,39.0375,-120.9713,1546,8600000US95736,95736,277,82,195,42.1,0,0,0,41,105,58,0,41,0,0,0,32,0,24.8,0,277,277,221,32,32,277,82,195,42.1,32,16,16,100,277,245,32,245,230,15,0,0,0,0,0,0,0,0,0,0,0,0,0,0,0,0,0,0,0,32,23,0,0,0,277,262,38,0,0,0,9,277,16,8,0,0,8,261,214,15,0,0,0,0,32,9,23,63,262,75,187
Nevada,684,95945,Grass Valley,Nevada,39.2081,-121.0069,1612,8600000US95945,95945,26281,12172,14109,86.3,977,1203,1493,1195,1125,2400,3479,2705,1769,2327,4232,1954,1422,49.8,4439,22420,21842,21201,8967,7608,21842,9769,12073,80.9,7608,3198,4410,72.5,26281,25130,1151,25130,24514,94,155,0,0,0,0,238,0,43,51,35,0,0,109,6,0,0,6,0,123,1151,223,501,155,0,26281,25653,359,704,447,64,281,26281,2904,2795,5,0,104,23377,21942,94,85,238,6,19,993,103,890,13210,20918,9466,11452
Nevada,788,95949,Grass Valley,Nevada,39.1193,-121.0938,1616,8600000US95949,95949,20763,10375,10388,99.9,1025,870,787,1324,926,2051,1793,2308,1822,2066,3424,1741,626,52.9,3515,17830,17248,16650,7101,5791,17248,8547,8701,98.2,5791,2757,3034,90.9,20763,19589,1174,19589,18924,94,180,49,7,0,0,173,0,53,50,13,0,0,57,31,31,0,0,0,187,1174,60,607,334,0,20763,20093,237,810,583,50,265,20763,1566,1210,43,42,271,19197,17737,94,152,173,31,29,981,53,928,8867,17126,8507,8619
Nevada,825,96161,Truckee,Nevada,39.3385,-120.1729,1767,8600000US96161,96161,18782,9504,9278,102.4,1045,1188,1315,788,865,1990,3055,2542,1487,1511,2295,613,88,42.5,4107,15121,14675,14368,3678,2996,14675,7562,7113,106.3,2996,1672,1324,126.3,18782,18104,678,18104,16976,63,11,0,0,0,0,272,36,83,72,36,25,5,15,71,0,71,0,0,711,678,89,79,184,0,18782,17654,169,107,456,123,968,18782,2241,1974,16,26,225,16541,15777,0,0,244,71,4,445,37,408,17485,13846,7146,6700
Nevada,844,95959,Nevada City,Nevada,39.3017,-120.9717,1624,8600000US95959,95959,17838,9329,8509,109.6,713,649,651,649,832,1982,1315,2130,1502,1898,3883,1163,471,55,2440,15724,15398,14993,6522,5517,15398,8063,7335,109.9,5517,2733,2784,98.2,17838,17012,826,17012,16397,132,19,0,0,0,0,309,9,84,14,41,9,13,139,42,0,42,0,0,113,826,48,411,126,0,17838,17140,296,543,520,145,197,17838,1451,1114,21,15,301,16387,15102,132,3,309,42,63,736,0,736,8630,14584,7714,6870
Nevada,1024,95946,Penn Valley,Nevada,39.2019,-121.2026,1613,8600000US95946,95946,8335,3845,4490,85.6,182,240,499,367,162,689,866,838,683,764,1616,1076,353,57.4,1171,7346,7164,7032,3502,3045,7164,3183,3981,80,3045,1392,1653,84.2,8335,7962,373,7962,7821,24,44,0,0,0,0,39,0,21,0,18,0,0,0,0,0,0,0,0,34,373,47,113,13,0,8335,8194,71,157,52,41,193,8335,925,562,280,0,83,7410,7197,24,15,39,0,0,135,0,135,4360,7124,3155,3969
Nevada,1276,95975,Rough And Ready,Nevada,39.2286,-121.1509,1637,8600000US95975,95975,1736,994,742,134,88,0,163,146,113,118,201,153,87,281,232,154,0,46.6,397,1339,1339,1339,489,386,1339,754,585,128.9,386,278,108,257.4,1736,1736,0,1736,1689,0,47,0,0,0,23,0,0,0,0,0,0,0,0,0,0,0,0,0,0,0,0,0,0,0,1736,1689,0,47,0,0,0,1736,36,0,0,0,36,1700,1653,0,47,0,0,0,0,0,0,837,1339,754,585
Nevada,1465,95960,North San Juan,Nevada,39.3765,-121.0891,1625,8600000US95960,95960,592,308,284,108.5,34,37,0,43,15,127,115,73,11,5,93,39,0,40.3,94,521,498,478,137,132,498,258,240,107.5,132,49,83,59,592,592,0,592,580,0,0,0,0,0,0,6,0,0,0,0,0,0,6,0,0,0,0,0,6,0,0,0,0,0,592,580,0,0,6,0,6,592,9,0,0,0,9,583,571,0,0,6,0,6,0,0,0,393,498,258,240
Nevada,1540,95728,Soda Springs,Nevada,39.317,-120.4259,1544,8600000US95728,95728,328,168,160,105,0,16,31,32,0,0,39,81,18,56,55,0,0,51.7,54,274,274,249,111,55,274,152,122,124.6,55,34,21,161.9,328,328,0,328,282,0,0,0,0,0,0,46,0,0,46,0,0,0,0,0,0,0,0,0,0,0,0,0,0,0,328,282,0,0,46,0,0,328,0,0,0,0,0,328,282,0,0,46,0,0,0,0,0,1087,274,152,122
Sierra,1286,96118,Loyalton,Sierra,39.663,-120.2297,1740,8600000US96118,96118,1671,850,821,103.5,92,67,101,90,34,125,174,155,184,131,182,286,50,54.8,316,1364,1355,1321,572,518,1355,650,705,92.2,518,211,307,68.7,1671,1668,3,1668,1614,2,52,0,0,0,0,0,0,0,0,0,0,0,0,0,0,0,0,0,0,3,0,3,0,0,1671,1617,2,55,0,0,0,1671,178,118,0,0,60,1493,1480,2,8,0,0,0,3,0,3,841,1355,650,705
Sierra,1526,96124,Calpine,Sierra,39.6139,-120.4046,1746,8600000US96124,96124,367,110,257,42.8,14,35,39,23,15,13,44,109,32,0,35,8,0,45,97,279,270,256,43,43,270,88,182,48.4,43,0,43,-,367,367,0,367,350,0,17,0,0,0,0,0,0,0,0,0,0,0,0,0,0,0,0,0,0,0,0,0,0,0,367,350,0,17,0,0,0,367,0,0,0,0,0,367,350,0,17,0,0,0,0,0,0,235,270,88,182
